SET session_replication_role = 'replica';
-- Article for financer 019716dd-c489-7319-a4d0-fd32d54e0fd3
INSERT INTO int_communication_rh_articles (id, financer_id, author_id, created_at, updated_at) VALUES ('86c92449-dd2f-460a-b5de-8bb6cde5dfb2', '019716dd-c489-7319-a4d0-fd32d54e0fd3', '33e4bb6f-c068-40dc-8e1e-2baab6702764', '2024-11-21T08:53:21.024303', '2024-11-21T08:53:21.024303');
INSERT INTO int_communication_rh_article_translations (id, article_id, language, title, content, created_at, updated_at) VALUES ('4f396efc-d2ad-4e74-ad6d-18910a366d34', '86c92449-dd2f-460a-b5de-8bb6cde5dfb2', 'fr-BE', 'Stratégies de motivation', '{"type": "doc", "content": [{"type": "paragraph", "content": [{"type": "text", "text": "Cet article explore les strat\u00e9gies de motivation."}]}]}', '2024-11-21T08:53:21.024303', '2024-11-21T08:53:21.024303');
INSERT INTO int_communication_rh_article_versions (id, article_translation_id, article_id, version_number, content, created_at) VALUES ('4fd8aaca-9b8f-41dc-9268-1d07685e70a6', '4f396efc-d2ad-4e74-ad6d-18910a366d34', '86c92449-dd2f-460a-b5de-8bb6cde5dfb2', 1, '{"type": "doc", "content": [{"type": "paragraph", "content": [{"type": "text", "text": "This article discusses motivation strategies in the workplace."}]}]}', '2024-11-22T08:53:21.024303');
INSERT INTO int_communication_rh_article_versions (id, article_translation_id, article_id, version_number, content, created_at) VALUES ('36971f77-53de-4dc5-b749-15573ae4627f', '4f396efc-d2ad-4e74-ad6d-18910a366d34', '86c92449-dd2f-460a-b5de-8bb6cde5dfb2', 2, '{"type": "doc", "content": [{"type": "paragraph", "content": [{"type": "text", "text": "This article discusses motivation strategies in the workplace."}]}]}', '2024-11-23T08:53:21.024303');
INSERT INTO int_communication_rh_article_translations (id, article_id, language, title, content, created_at, updated_at) VALUES ('7ae24493-bccc-4692-9054-403ca49c13ed', '86c92449-dd2f-460a-b5de-8bb6cde5dfb2', 'nl-BE', 'Motivatiestrategieën', '{"type": "doc", "content": [{"type": "paragraph", "content": [{"type": "text", "text": "Dit artikel bespreekt motivatiestrategie\u00ebn."}]}]}', '2024-11-21T08:53:21.024303', '2024-11-21T08:53:21.024303');
INSERT INTO int_communication_rh_article_versions (id, article_translation_id, article_id, version_number, content, created_at) VALUES ('c1ce0ddf-f806-45c5-ae61-147c122da184', '7ae24493-bccc-4692-9054-403ca49c13ed', '86c92449-dd2f-460a-b5de-8bb6cde5dfb2', 1, '{"type": "doc", "content": [{"type": "paragraph", "content": [{"type": "text", "text": "This article discusses motivation strategies in the workplace."}]}]}', '2024-11-22T08:53:21.024303');
INSERT INTO int_communication_rh_article_versions (id, article_translation_id, article_id, version_number, content, created_at) VALUES ('096ec127-41ee-4424-967e-ae53bcc5295c', '7ae24493-bccc-4692-9054-403ca49c13ed', '86c92449-dd2f-460a-b5de-8bb6cde5dfb2', 2, '{"type": "doc", "content": [{"type": "paragraph", "content": [{"type": "text", "text": "This article discusses motivation strategies in the workplace."}]}]}', '2024-11-23T08:53:21.024303');
INSERT INTO int_communication_rh_article_versions (id, article_translation_id, article_id, version_number, content, created_at) VALUES ('ff80b33f-33e7-4354-8174-919f60b2fef1', '7ae24493-bccc-4692-9054-403ca49c13ed', '86c92449-dd2f-460a-b5de-8bb6cde5dfb2', 3, '{"type": "doc", "content": [{"type": "paragraph", "content": [{"type": "text", "text": "This article discusses motivation strategies in the workplace."}]}]}', '2024-11-24T08:53:21.024303');
INSERT INTO int_communication_rh_article_versions (id, article_translation_id, article_id, version_number, content, created_at) VALUES ('8bc909d4-a908-4ace-ac26-9e0147ebac1c', '7ae24493-bccc-4692-9054-403ca49c13ed', '86c92449-dd2f-460a-b5de-8bb6cde5dfb2', 4, '{"type": "doc", "content": [{"type": "paragraph", "content": [{"type": "text", "text": "This article discusses motivation strategies in the workplace."}]}]}', '2024-11-25T08:53:21.024303');
INSERT INTO int_communication_rh_article_versions (id, article_translation_id, article_id, version_number, content, created_at) VALUES ('0ba8d9f6-777f-4252-ab81-7fe2cc40f360', '7ae24493-bccc-4692-9054-403ca49c13ed', '86c92449-dd2f-460a-b5de-8bb6cde5dfb2', 5, '{"type": "doc", "content": [{"type": "paragraph", "content": [{"type": "text", "text": "This article discusses motivation strategies in the workplace."}]}]}', '2024-11-26T08:53:21.024303');
-- Article for financer 019716dd-c489-7319-a4d0-fd32d54e0fd3
INSERT INTO int_communication_rh_articles (id, financer_id, author_id, created_at, updated_at) VALUES ('f9b9fcf7-1a09-4135-98e3-05e67473f133', '019716dd-c489-7319-a4d0-fd32d54e0fd3', '574500e2-7be1-4256-836b-a98f27eda09f', '2025-05-20T08:53:21.026184', '2025-05-20T08:53:21.026184');
INSERT INTO int_communication_rh_article_translations (id, article_id, language, title, content, created_at, updated_at) VALUES ('4ac1ae5b-198c-4abd-869e-f165a46b74d1', 'f9b9fcf7-1a09-4135-98e3-05e67473f133', 'fr-BE', 'Politiques de travail hybride', '{"type": "doc", "content": [{"type": "paragraph", "content": [{"type": "text", "text": "Cet article parle des politiques de travail hybride."}]}]}', '2025-05-20T08:53:21.026184', '2025-05-20T08:53:21.026184');
INSERT INTO int_communication_rh_article_versions (id, article_translation_id, article_id, version_number, content, created_at) VALUES ('fbf490a6-0168-4ad6-b020-b86988bae947', '4ac1ae5b-198c-4abd-869e-f165a46b74d1', 'f9b9fcf7-1a09-4135-98e3-05e67473f133', 1, '{"type": "doc", "content": [{"type": "paragraph", "content": [{"type": "text", "text": "This article discusses hybrid work policies in the workplace."}]}]}', '2025-05-21T08:53:21.026184');
INSERT INTO int_communication_rh_article_versions (id, article_translation_id, article_id, version_number, content, created_at) VALUES ('b3a31487-f945-4a47-97e5-3fd76f48d4dc', '4ac1ae5b-198c-4abd-869e-f165a46b74d1', 'f9b9fcf7-1a09-4135-98e3-05e67473f133', 2, '{"type": "doc", "content": [{"type": "paragraph", "content": [{"type": "text", "text": "This article discusses hybrid work policies in the workplace."}]}]}', '2025-05-22T08:53:21.026184');
INSERT INTO int_communication_rh_article_versions (id, article_translation_id, article_id, version_number, content, created_at) VALUES ('eef3d4be-7200-4199-a245-1cb3305f4236', '4ac1ae5b-198c-4abd-869e-f165a46b74d1', 'f9b9fcf7-1a09-4135-98e3-05e67473f133', 3, '{"type": "doc", "content": [{"type": "paragraph", "content": [{"type": "text", "text": "This article discusses hybrid work policies in the workplace."}]}]}', '2025-05-23T08:53:21.026184');
INSERT INTO int_communication_rh_article_translations (id, article_id, language, title, content, created_at, updated_at) VALUES ('aa751036-06a1-4f5d-bee1-5db71c95dbfe', 'f9b9fcf7-1a09-4135-98e3-05e67473f133', 'nl-BE', 'Hybride werkbeleid', '{"type": "doc", "content": [{"type": "paragraph", "content": [{"type": "text", "text": "Dit artikel bespreekt hybride werkbeleid."}]}]}', '2025-05-20T08:53:21.026184', '2025-05-20T08:53:21.026184');
INSERT INTO int_communication_rh_article_versions (id, article_translation_id, article_id, version_number, content, created_at) VALUES ('5201705a-7f69-4e26-80bd-78afdd661ba8', 'aa751036-06a1-4f5d-bee1-5db71c95dbfe', 'f9b9fcf7-1a09-4135-98e3-05e67473f133', 1, '{"type": "doc", "content": [{"type": "paragraph", "content": [{"type": "text", "text": "This article discusses hybrid work policies in the workplace."}]}]}', '2025-05-21T08:53:21.026184');
INSERT INTO int_communication_rh_article_versions (id, article_translation_id, article_id, version_number, content, created_at) VALUES ('9dc63591-7b06-41e8-af23-dedf1e38b9ac', 'aa751036-06a1-4f5d-bee1-5db71c95dbfe', 'f9b9fcf7-1a09-4135-98e3-05e67473f133', 2, '{"type": "doc", "content": [{"type": "paragraph", "content": [{"type": "text", "text": "This article discusses hybrid work policies in the workplace."}]}]}', '2025-05-22T08:53:21.026184');
-- Article for financer 019716dd-c489-7319-a4d0-fd32d54e0fd3
INSERT INTO int_communication_rh_articles (id, financer_id, author_id, created_at, updated_at) VALUES ('7ed30b55-d37e-4392-b0ba-84226681cacc', '019716dd-c489-7319-a4d0-fd32d54e0fd3', 'dba8edb8-9d66-410b-85db-78ace777df09', '2024-11-08T08:53:21.026410', '2024-11-08T08:53:21.026410');
INSERT INTO int_communication_rh_article_translations (id, article_id, language, title, content, created_at, updated_at) VALUES ('9078720a-8848-44e7-9e82-0b35f7081191', '7ed30b55-d37e-4392-b0ba-84226681cacc', 'fr-BE', 'Santé mentale au travail', '{"type": "doc", "content": [{"type": "paragraph", "content": [{"type": "text", "text": "Cet article aborde la sant\u00e9 mentale au travail."}]}]}', '2024-11-08T08:53:21.026410', '2024-11-08T08:53:21.026410');
INSERT INTO int_communication_rh_article_versions (id, article_translation_id, article_id, version_number, content, created_at) VALUES ('f6e65fb0-59c6-432b-b5c9-5d73ff444d49', '9078720a-8848-44e7-9e82-0b35f7081191', '7ed30b55-d37e-4392-b0ba-84226681cacc', 1, '{"type": "doc", "content": [{"type": "paragraph", "content": [{"type": "text", "text": "This article discusses mental health at work in the workplace."}]}]}', '2024-11-09T08:53:21.026410');
INSERT INTO int_communication_rh_article_versions (id, article_translation_id, article_id, version_number, content, created_at) VALUES ('e6d19146-4a45-4012-a1b0-11666b614444', '9078720a-8848-44e7-9e82-0b35f7081191', '7ed30b55-d37e-4392-b0ba-84226681cacc', 2, '{"type": "doc", "content": [{"type": "paragraph", "content": [{"type": "text", "text": "This article discusses mental health at work in the workplace."}]}]}', '2024-11-10T08:53:21.026410');
INSERT INTO int_communication_rh_article_versions (id, article_translation_id, article_id, version_number, content, created_at) VALUES ('535c02f7-0831-44b4-911e-48a5ff42a981', '9078720a-8848-44e7-9e82-0b35f7081191', '7ed30b55-d37e-4392-b0ba-84226681cacc', 3, '{"type": "doc", "content": [{"type": "paragraph", "content": [{"type": "text", "text": "This article discusses mental health at work in the workplace."}]}]}', '2024-11-11T08:53:21.026410');
INSERT INTO int_communication_rh_article_versions (id, article_translation_id, article_id, version_number, content, created_at) VALUES ('ed32413d-062d-452e-b57a-b6f9a8fec95c', '9078720a-8848-44e7-9e82-0b35f7081191', '7ed30b55-d37e-4392-b0ba-84226681cacc', 4, '{"type": "doc", "content": [{"type": "paragraph", "content": [{"type": "text", "text": "This article discusses mental health at work in the workplace."}]}]}', '2024-11-12T08:53:21.026410');
INSERT INTO int_communication_rh_article_versions (id, article_translation_id, article_id, version_number, content, created_at) VALUES ('d8cab2f1-7b2c-43a3-8467-67faee391252', '9078720a-8848-44e7-9e82-0b35f7081191', '7ed30b55-d37e-4392-b0ba-84226681cacc', 5, '{"type": "doc", "content": [{"type": "paragraph", "content": [{"type": "text", "text": "This article discusses mental health at work in the workplace."}]}]}', '2024-11-13T08:53:21.026410');
INSERT INTO int_communication_rh_article_translations (id, article_id, language, title, content, created_at, updated_at) VALUES ('784a3b9a-3e5a-4c40-8af3-fb4b79cf1cf2', '7ed30b55-d37e-4392-b0ba-84226681cacc', 'nl-BE', 'Geestelijke gezondheid op het werk', '{"type": "doc", "content": [{"type": "paragraph", "content": [{"type": "text", "text": "Dit artikel gaat over geestelijke gezondheid op het werk."}]}]}', '2024-11-08T08:53:21.026410', '2024-11-08T08:53:21.026410');
INSERT INTO int_communication_rh_article_versions (id, article_translation_id, article_id, version_number, content, created_at) VALUES ('23027f16-81b8-4e93-bfa6-0c5af7bc2057', '784a3b9a-3e5a-4c40-8af3-fb4b79cf1cf2', '7ed30b55-d37e-4392-b0ba-84226681cacc', 1, '{"type": "doc", "content": [{"type": "paragraph", "content": [{"type": "text", "text": "This article discusses mental health at work in the workplace."}]}]}', '2024-11-09T08:53:21.026410');
INSERT INTO int_communication_rh_article_versions (id, article_translation_id, article_id, version_number, content, created_at) VALUES ('e706d127-f81d-4149-94e0-b7f0049b14bf', '784a3b9a-3e5a-4c40-8af3-fb4b79cf1cf2', '7ed30b55-d37e-4392-b0ba-84226681cacc', 2, '{"type": "doc", "content": [{"type": "paragraph", "content": [{"type": "text", "text": "This article discusses mental health at work in the workplace."}]}]}', '2024-11-10T08:53:21.026410');
INSERT INTO int_communication_rh_article_versions (id, article_translation_id, article_id, version_number, content, created_at) VALUES ('d071dbda-176c-482f-9798-bec5829c2ae3', '784a3b9a-3e5a-4c40-8af3-fb4b79cf1cf2', '7ed30b55-d37e-4392-b0ba-84226681cacc', 3, '{"type": "doc", "content": [{"type": "paragraph", "content": [{"type": "text", "text": "This article discusses mental health at work in the workplace."}]}]}', '2024-11-11T08:53:21.026410');
INSERT INTO int_communication_rh_article_versions (id, article_translation_id, article_id, version_number, content, created_at) VALUES ('09a394b7-d46c-49d1-9a84-1f624f8e6b5a', '784a3b9a-3e5a-4c40-8af3-fb4b79cf1cf2', '7ed30b55-d37e-4392-b0ba-84226681cacc', 4, '{"type": "doc", "content": [{"type": "paragraph", "content": [{"type": "text", "text": "This article discusses mental health at work in the workplace."}]}]}', '2024-11-12T08:53:21.026410');
-- Article for financer 019716dd-c489-7319-a4d0-fd32d54e0fd3
INSERT INTO int_communication_rh_articles (id, financer_id, author_id, created_at, updated_at) VALUES ('443d57d4-b094-48bc-9126-f141ae63c14b', '019716dd-c489-7319-a4d0-fd32d54e0fd3', '311dd651-c607-434a-87b4-bea8ea9d9c60', '2025-05-10T08:53:21.026735', '2025-05-10T08:53:21.026735');
INSERT INTO int_communication_rh_article_translations (id, article_id, language, title, content, created_at, updated_at) VALUES ('5cc546fa-51f0-4ecb-8312-bdd3579bdd11', '443d57d4-b094-48bc-9126-f141ae63c14b', 'fr-BE', 'Équilibre travail-vie personnelle', '{"type": "doc", "content": [{"type": "paragraph", "content": [{"type": "text", "text": "Cet article parle de l''\u00e9quilibre entre vie professionnelle et vie priv\u00e9e."}]}]}', '2025-05-10T08:53:21.026735', '2025-05-10T08:53:21.026735');
INSERT INTO int_communication_rh_article_versions (id, article_translation_id, article_id, version_number, content, created_at) VALUES ('b6ab547e-7506-4c50-95db-f66d9a3bb956', '5cc546fa-51f0-4ecb-8312-bdd3579bdd11', '443d57d4-b094-48bc-9126-f141ae63c14b', 1, '{"type": "doc", "content": [{"type": "paragraph", "content": [{"type": "text", "text": "This article discusses work-life balance in the workplace."}]}]}', '2025-05-11T08:53:21.026735');
INSERT INTO int_communication_rh_article_versions (id, article_translation_id, article_id, version_number, content, created_at) VALUES ('cc6e7853-5417-4284-8501-05d047fc8276', '5cc546fa-51f0-4ecb-8312-bdd3579bdd11', '443d57d4-b094-48bc-9126-f141ae63c14b', 2, '{"type": "doc", "content": [{"type": "paragraph", "content": [{"type": "text", "text": "This article discusses work-life balance in the workplace."}]}]}', '2025-05-12T08:53:21.026735');
INSERT INTO int_communication_rh_article_versions (id, article_translation_id, article_id, version_number, content, created_at) VALUES ('b77d24d6-79b9-4a85-bb73-60da64299db0', '5cc546fa-51f0-4ecb-8312-bdd3579bdd11', '443d57d4-b094-48bc-9126-f141ae63c14b', 3, '{"type": "doc", "content": [{"type": "paragraph", "content": [{"type": "text", "text": "This article discusses work-life balance in the workplace."}]}]}', '2025-05-13T08:53:21.026735');
INSERT INTO int_communication_rh_article_versions (id, article_translation_id, article_id, version_number, content, created_at) VALUES ('0e051d32-4055-4a5f-8cb7-24241b3b0a53', '5cc546fa-51f0-4ecb-8312-bdd3579bdd11', '443d57d4-b094-48bc-9126-f141ae63c14b', 4, '{"type": "doc", "content": [{"type": "paragraph", "content": [{"type": "text", "text": "This article discusses work-life balance in the workplace."}]}]}', '2025-05-14T08:53:21.026735');
INSERT INTO int_communication_rh_article_translations (id, article_id, language, title, content, created_at, updated_at) VALUES ('f905a43c-6dcd-49c7-8cdb-44bb0771d396', '443d57d4-b094-48bc-9126-f141ae63c14b', 'nl-BE', 'Werk-privébalans', '{"type": "doc", "content": [{"type": "paragraph", "content": [{"type": "text", "text": "Dit artikel gaat over de balans tussen werk en priv\u00e9leven."}]}]}', '2025-05-10T08:53:21.026735', '2025-05-10T08:53:21.026735');
INSERT INTO int_communication_rh_article_versions (id, article_translation_id, article_id, version_number, content, created_at) VALUES ('f1baaabe-8645-4430-a8dc-dc51a5167057', 'f905a43c-6dcd-49c7-8cdb-44bb0771d396', '443d57d4-b094-48bc-9126-f141ae63c14b', 1, '{"type": "doc", "content": [{"type": "paragraph", "content": [{"type": "text", "text": "This article discusses work-life balance in the workplace."}]}]}', '2025-05-11T08:53:21.026735');
INSERT INTO int_communication_rh_article_versions (id, article_translation_id, article_id, version_number, content, created_at) VALUES ('d85d9d95-bfe1-4dab-896c-0924edc75bbb', 'f905a43c-6dcd-49c7-8cdb-44bb0771d396', '443d57d4-b094-48bc-9126-f141ae63c14b', 2, '{"type": "doc", "content": [{"type": "paragraph", "content": [{"type": "text", "text": "This article discusses work-life balance in the workplace."}]}]}', '2025-05-12T08:53:21.026735');
INSERT INTO int_communication_rh_article_versions (id, article_translation_id, article_id, version_number, content, created_at) VALUES ('da08ac28-2076-44d8-93e0-39264ffc35c5', 'f905a43c-6dcd-49c7-8cdb-44bb0771d396', '443d57d4-b094-48bc-9126-f141ae63c14b', 3, '{"type": "doc", "content": [{"type": "paragraph", "content": [{"type": "text", "text": "This article discusses work-life balance in the workplace."}]}]}', '2025-05-13T08:53:21.026735');
INSERT INTO int_communication_rh_article_versions (id, article_translation_id, article_id, version_number, content, created_at) VALUES ('0530c17c-f545-485e-ab16-679c22726553', 'f905a43c-6dcd-49c7-8cdb-44bb0771d396', '443d57d4-b094-48bc-9126-f141ae63c14b', 4, '{"type": "doc", "content": [{"type": "paragraph", "content": [{"type": "text", "text": "This article discusses work-life balance in the workplace."}]}]}', '2025-05-14T08:53:21.026735');
INSERT INTO int_communication_rh_article_versions (id, article_translation_id, article_id, version_number, content, created_at) VALUES ('cb3dc151-7137-4219-8143-714d929f3586', 'f905a43c-6dcd-49c7-8cdb-44bb0771d396', '443d57d4-b094-48bc-9126-f141ae63c14b', 5, '{"type": "doc", "content": [{"type": "paragraph", "content": [{"type": "text", "text": "This article discusses work-life balance in the workplace."}]}]}', '2025-05-15T08:53:21.026735');
-- Article for financer 019716dd-c489-7319-a4d0-fd32d54e0fd3
INSERT INTO int_communication_rh_articles (id, financer_id, author_id, created_at, updated_at) VALUES ('3d325070-8c31-4132-8bfb-58470b77e0be', '019716dd-c489-7319-a4d0-fd32d54e0fd3', 'c142f8c4-f16f-41b6-af1d-22865aa1d114', '2024-11-26T08:53:21.026961', '2024-11-26T08:53:21.026961');
INSERT INTO int_communication_rh_article_translations (id, article_id, language, title, content, created_at, updated_at) VALUES ('3fad4f22-fc2e-4690-aa5c-6be2c2d6e772', '3d325070-8c31-4132-8bfb-58470b77e0be', 'fr-BE', 'Politiques de travail hybride', '{"type": "doc", "content": [{"type": "paragraph", "content": [{"type": "text", "text": "Cet article parle des politiques de travail hybride."}]}]}', '2024-11-26T08:53:21.026961', '2024-11-26T08:53:21.026961');
INSERT INTO int_communication_rh_article_versions (id, article_translation_id, article_id, version_number, content, created_at) VALUES ('917b95b0-1f07-46e7-9ef5-d91afde59ed7', '3fad4f22-fc2e-4690-aa5c-6be2c2d6e772', '3d325070-8c31-4132-8bfb-58470b77e0be', 1, '{"type": "doc", "content": [{"type": "paragraph", "content": [{"type": "text", "text": "This article discusses hybrid work policies in the workplace."}]}]}', '2024-11-27T08:53:21.026961');
INSERT INTO int_communication_rh_article_versions (id, article_translation_id, article_id, version_number, content, created_at) VALUES ('973abf36-4c13-43e9-8a81-0ca92784bdfc', '3fad4f22-fc2e-4690-aa5c-6be2c2d6e772', '3d325070-8c31-4132-8bfb-58470b77e0be', 2, '{"type": "doc", "content": [{"type": "paragraph", "content": [{"type": "text", "text": "This article discusses hybrid work policies in the workplace."}]}]}', '2024-11-28T08:53:21.026961');
INSERT INTO int_communication_rh_article_versions (id, article_translation_id, article_id, version_number, content, created_at) VALUES ('4db1956f-0f35-40a8-8a8c-528c40a96b42', '3fad4f22-fc2e-4690-aa5c-6be2c2d6e772', '3d325070-8c31-4132-8bfb-58470b77e0be', 3, '{"type": "doc", "content": [{"type": "paragraph", "content": [{"type": "text", "text": "This article discusses hybrid work policies in the workplace."}]}]}', '2024-11-29T08:53:21.026961');
INSERT INTO int_communication_rh_article_versions (id, article_translation_id, article_id, version_number, content, created_at) VALUES ('bb83f860-0026-49bb-b988-184fa5cf0291', '3fad4f22-fc2e-4690-aa5c-6be2c2d6e772', '3d325070-8c31-4132-8bfb-58470b77e0be', 4, '{"type": "doc", "content": [{"type": "paragraph", "content": [{"type": "text", "text": "This article discusses hybrid work policies in the workplace."}]}]}', '2024-11-30T08:53:21.026961');
INSERT INTO int_communication_rh_article_translations (id, article_id, language, title, content, created_at, updated_at) VALUES ('31a9f94b-a974-4938-8b8f-7614a084b2a6', '3d325070-8c31-4132-8bfb-58470b77e0be', 'nl-BE', 'Hybride werkbeleid', '{"type": "doc", "content": [{"type": "paragraph", "content": [{"type": "text", "text": "Dit artikel bespreekt hybride werkbeleid."}]}]}', '2024-11-26T08:53:21.026961', '2024-11-26T08:53:21.026961');
INSERT INTO int_communication_rh_article_versions (id, article_translation_id, article_id, version_number, content, created_at) VALUES ('eddb4507-45f9-4f23-899d-6388318cfe80', '31a9f94b-a974-4938-8b8f-7614a084b2a6', '3d325070-8c31-4132-8bfb-58470b77e0be', 1, '{"type": "doc", "content": [{"type": "paragraph", "content": [{"type": "text", "text": "This article discusses hybrid work policies in the workplace."}]}]}', '2024-11-27T08:53:21.026961');
INSERT INTO int_communication_rh_article_versions (id, article_translation_id, article_id, version_number, content, created_at) VALUES ('aa945a19-4d0b-4667-9ab3-a4c23975b23a', '31a9f94b-a974-4938-8b8f-7614a084b2a6', '3d325070-8c31-4132-8bfb-58470b77e0be', 2, '{"type": "doc", "content": [{"type": "paragraph", "content": [{"type": "text", "text": "This article discusses hybrid work policies in the workplace."}]}]}', '2024-11-28T08:53:21.026961');
-- Article for financer 019716dd-c489-7319-a4d0-fd32d54e0fd3
INSERT INTO int_communication_rh_articles (id, financer_id, author_id, created_at, updated_at) VALUES ('d610a787-4e1d-4e32-99c1-7cc02b3c484b', '019716dd-c489-7319-a4d0-fd32d54e0fd3', '34d9ad39-80f1-46ba-b8c3-0ecad7ef99c7', '2024-12-15T08:53:21.027116', '2024-12-15T08:53:21.027116');
INSERT INTO int_communication_rh_article_translations (id, article_id, language, title, content, created_at, updated_at) VALUES ('28c104f3-ca6d-4c1a-be86-16064d6930ff', 'd610a787-4e1d-4e32-99c1-7cc02b3c484b', 'fr-BE', 'Politiques de travail hybride', '{"type": "doc", "content": [{"type": "paragraph", "content": [{"type": "text", "text": "Cet article parle des politiques de travail hybride."}]}]}', '2024-12-15T08:53:21.027116', '2024-12-15T08:53:21.027116');
INSERT INTO int_communication_rh_article_versions (id, article_translation_id, article_id, version_number, content, created_at) VALUES ('3a95b79a-863b-40ee-b1ec-e7ea9c179615', '28c104f3-ca6d-4c1a-be86-16064d6930ff', 'd610a787-4e1d-4e32-99c1-7cc02b3c484b', 1, '{"type": "doc", "content": [{"type": "paragraph", "content": [{"type": "text", "text": "This article discusses hybrid work policies in the workplace."}]}]}', '2024-12-16T08:53:21.027116');
INSERT INTO int_communication_rh_article_versions (id, article_translation_id, article_id, version_number, content, created_at) VALUES ('ab703500-19b3-4dba-95fd-b069af483327', '28c104f3-ca6d-4c1a-be86-16064d6930ff', 'd610a787-4e1d-4e32-99c1-7cc02b3c484b', 2, '{"type": "doc", "content": [{"type": "paragraph", "content": [{"type": "text", "text": "This article discusses hybrid work policies in the workplace."}]}]}', '2024-12-17T08:53:21.027116');
INSERT INTO int_communication_rh_article_versions (id, article_translation_id, article_id, version_number, content, created_at) VALUES ('d1fb8200-9030-43ba-8879-9e3fded3cc5f', '28c104f3-ca6d-4c1a-be86-16064d6930ff', 'd610a787-4e1d-4e32-99c1-7cc02b3c484b', 3, '{"type": "doc", "content": [{"type": "paragraph", "content": [{"type": "text", "text": "This article discusses hybrid work policies in the workplace."}]}]}', '2024-12-18T08:53:21.027116');
INSERT INTO int_communication_rh_article_translations (id, article_id, language, title, content, created_at, updated_at) VALUES ('cf63aca1-cfbf-47e4-9e69-a9c7297af64b', 'd610a787-4e1d-4e32-99c1-7cc02b3c484b', 'nl-BE', 'Hybride werkbeleid', '{"type": "doc", "content": [{"type": "paragraph", "content": [{"type": "text", "text": "Dit artikel bespreekt hybride werkbeleid."}]}]}', '2024-12-15T08:53:21.027116', '2024-12-15T08:53:21.027116');
INSERT INTO int_communication_rh_article_versions (id, article_translation_id, article_id, version_number, content, created_at) VALUES ('6af0ce58-a461-496c-90b6-5003f0efef8f', 'cf63aca1-cfbf-47e4-9e69-a9c7297af64b', 'd610a787-4e1d-4e32-99c1-7cc02b3c484b', 1, '{"type": "doc", "content": [{"type": "paragraph", "content": [{"type": "text", "text": "This article discusses hybrid work policies in the workplace."}]}]}', '2024-12-16T08:53:21.027116');
INSERT INTO int_communication_rh_article_versions (id, article_translation_id, article_id, version_number, content, created_at) VALUES ('324a3e0c-08e3-468b-9ab0-5e20c43c4e24', 'cf63aca1-cfbf-47e4-9e69-a9c7297af64b', 'd610a787-4e1d-4e32-99c1-7cc02b3c484b', 2, '{"type": "doc", "content": [{"type": "paragraph", "content": [{"type": "text", "text": "This article discusses hybrid work policies in the workplace."}]}]}', '2024-12-17T08:53:21.027116');
INSERT INTO int_communication_rh_article_versions (id, article_translation_id, article_id, version_number, content, created_at) VALUES ('60519ffe-d3e5-4009-bf3d-c7efbc0bbf1c', 'cf63aca1-cfbf-47e4-9e69-a9c7297af64b', 'd610a787-4e1d-4e32-99c1-7cc02b3c484b', 3, '{"type": "doc", "content": [{"type": "paragraph", "content": [{"type": "text", "text": "This article discusses hybrid work policies in the workplace."}]}]}', '2024-12-18T08:53:21.027116');
-- Article for financer 019716dd-c489-7319-a4d0-fd32d54e0fd3
INSERT INTO int_communication_rh_articles (id, financer_id, author_id, created_at, updated_at) VALUES ('a6a8208e-0f71-4270-91fa-3cc83f52e2e3', '019716dd-c489-7319-a4d0-fd32d54e0fd3', '89f853df-7c0b-4401-bb04-837ec1bc8067', '2024-12-12T08:53:21.027272', '2024-12-12T08:53:21.027272');
INSERT INTO int_communication_rh_article_translations (id, article_id, language, title, content, created_at, updated_at) VALUES ('cf28b05a-b4ab-4cc8-b1ca-3fcd79816cbc', 'a6a8208e-0f71-4270-91fa-3cc83f52e2e3', 'fr-BE', 'Engagement des employés', '{"type": "doc", "content": [{"type": "paragraph", "content": [{"type": "text", "text": "Cet article traite de l''engagement des employ\u00e9s."}]}]}', '2024-12-12T08:53:21.027272', '2024-12-12T08:53:21.027272');
INSERT INTO int_communication_rh_article_versions (id, article_translation_id, article_id, version_number, content, created_at) VALUES ('6271f2b5-1f4a-4ba0-bf0c-d865b4da600f', 'cf28b05a-b4ab-4cc8-b1ca-3fcd79816cbc', 'a6a8208e-0f71-4270-91fa-3cc83f52e2e3', 1, '{"type": "doc", "content": [{"type": "paragraph", "content": [{"type": "text", "text": "This article discusses employee engagement in the workplace."}]}]}', '2024-12-13T08:53:21.027272');
INSERT INTO int_communication_rh_article_versions (id, article_translation_id, article_id, version_number, content, created_at) VALUES ('0908c46d-b34f-4840-af85-de2fcc420eb9', 'cf28b05a-b4ab-4cc8-b1ca-3fcd79816cbc', 'a6a8208e-0f71-4270-91fa-3cc83f52e2e3', 2, '{"type": "doc", "content": [{"type": "paragraph", "content": [{"type": "text", "text": "This article discusses employee engagement in the workplace."}]}]}', '2024-12-14T08:53:21.027272');
INSERT INTO int_communication_rh_article_versions (id, article_translation_id, article_id, version_number, content, created_at) VALUES ('c14c4a66-189a-4606-baff-d8c2e23b1665', 'cf28b05a-b4ab-4cc8-b1ca-3fcd79816cbc', 'a6a8208e-0f71-4270-91fa-3cc83f52e2e3', 3, '{"type": "doc", "content": [{"type": "paragraph", "content": [{"type": "text", "text": "This article discusses employee engagement in the workplace."}]}]}', '2024-12-15T08:53:21.027272');
INSERT INTO int_communication_rh_article_translations (id, article_id, language, title, content, created_at, updated_at) VALUES ('7eafe076-246c-428c-89c9-1ecbed1de77c', 'a6a8208e-0f71-4270-91fa-3cc83f52e2e3', 'nl-BE', 'Betrokkenheid van werknemers', '{"type": "doc", "content": [{"type": "paragraph", "content": [{"type": "text", "text": "Dit artikel gaat over de betrokkenheid van werknemers."}]}]}', '2024-12-12T08:53:21.027272', '2024-12-12T08:53:21.027272');
INSERT INTO int_communication_rh_article_versions (id, article_translation_id, article_id, version_number, content, created_at) VALUES ('b74dd0db-0df2-42f1-bc19-79bc6de27f74', '7eafe076-246c-428c-89c9-1ecbed1de77c', 'a6a8208e-0f71-4270-91fa-3cc83f52e2e3', 1, '{"type": "doc", "content": [{"type": "paragraph", "content": [{"type": "text", "text": "This article discusses employee engagement in the workplace."}]}]}', '2024-12-13T08:53:21.027272');
INSERT INTO int_communication_rh_article_versions (id, article_translation_id, article_id, version_number, content, created_at) VALUES ('b73864d9-dd23-43f5-b1cb-af331395e1d8', '7eafe076-246c-428c-89c9-1ecbed1de77c', 'a6a8208e-0f71-4270-91fa-3cc83f52e2e3', 2, '{"type": "doc", "content": [{"type": "paragraph", "content": [{"type": "text", "text": "This article discusses employee engagement in the workplace."}]}]}', '2024-12-14T08:53:21.027272');
INSERT INTO int_communication_rh_article_versions (id, article_translation_id, article_id, version_number, content, created_at) VALUES ('cebb7f23-d0c6-4953-8f01-4ac7697912d1', '7eafe076-246c-428c-89c9-1ecbed1de77c', 'a6a8208e-0f71-4270-91fa-3cc83f52e2e3', 3, '{"type": "doc", "content": [{"type": "paragraph", "content": [{"type": "text", "text": "This article discusses employee engagement in the workplace."}]}]}', '2024-12-15T08:53:21.027272');
INSERT INTO int_communication_rh_article_versions (id, article_translation_id, article_id, version_number, content, created_at) VALUES ('4ca9a5c7-6e9a-4560-b87f-b1c5d8dca16b', '7eafe076-246c-428c-89c9-1ecbed1de77c', 'a6a8208e-0f71-4270-91fa-3cc83f52e2e3', 4, '{"type": "doc", "content": [{"type": "paragraph", "content": [{"type": "text", "text": "This article discusses employee engagement in the workplace."}]}]}', '2024-12-16T08:53:21.027272');
-- Article for financer 019740ef-896d-7297-a56d-438aa05751af
INSERT INTO int_communication_rh_articles (id, financer_id, author_id, created_at, updated_at) VALUES ('280e0f82-658d-432d-a386-75d7b2696719', '019740ef-896d-7297-a56d-438aa05751af', '36e553fa-99e7-4ed0-9862-a24a37fecbe6', '2025-04-23T08:53:21.027639', '2025-04-23T08:53:21.027639');
INSERT INTO int_communication_rh_article_translations (id, article_id, language, title, content, created_at, updated_at) VALUES ('19a3d7f2-280d-4a98-82af-d96e2f14fab7', '280e0f82-658d-432d-a386-75d7b2696719', 'fr-BE', 'Engagement des employés', '{"type": "doc", "content": [{"type": "paragraph", "content": [{"type": "text", "text": "Cet article traite de l''engagement des employ\u00e9s."}]}]}', '2025-04-23T08:53:21.027639', '2025-04-23T08:53:21.027639');
INSERT INTO int_communication_rh_article_versions (id, article_translation_id, article_id, version_number, content, created_at) VALUES ('d2ebfab2-72a0-429e-9649-4d5eeedfed37', '19a3d7f2-280d-4a98-82af-d96e2f14fab7', '280e0f82-658d-432d-a386-75d7b2696719', 1, '{"type": "doc", "content": [{"type": "paragraph", "content": [{"type": "text", "text": "This article discusses employee engagement in the workplace."}]}]}', '2025-04-24T08:53:21.027639');
INSERT INTO int_communication_rh_article_versions (id, article_translation_id, article_id, version_number, content, created_at) VALUES ('c893f570-aba3-4ef8-a79b-6ca7edaad2d9', '19a3d7f2-280d-4a98-82af-d96e2f14fab7', '280e0f82-658d-432d-a386-75d7b2696719', 2, '{"type": "doc", "content": [{"type": "paragraph", "content": [{"type": "text", "text": "This article discusses employee engagement in the workplace."}]}]}', '2025-04-25T08:53:21.027639');
INSERT INTO int_communication_rh_article_versions (id, article_translation_id, article_id, version_number, content, created_at) VALUES ('be9a88fd-0d25-4469-b3f4-19123eed080c', '19a3d7f2-280d-4a98-82af-d96e2f14fab7', '280e0f82-658d-432d-a386-75d7b2696719', 3, '{"type": "doc", "content": [{"type": "paragraph", "content": [{"type": "text", "text": "This article discusses employee engagement in the workplace."}]}]}', '2025-04-26T08:53:21.027639');
INSERT INTO int_communication_rh_article_versions (id, article_translation_id, article_id, version_number, content, created_at) VALUES ('dbf67516-4e12-419c-bff7-30c649317d1a', '19a3d7f2-280d-4a98-82af-d96e2f14fab7', '280e0f82-658d-432d-a386-75d7b2696719', 4, '{"type": "doc", "content": [{"type": "paragraph", "content": [{"type": "text", "text": "This article discusses employee engagement in the workplace."}]}]}', '2025-04-27T08:53:21.027639');
INSERT INTO int_communication_rh_article_versions (id, article_translation_id, article_id, version_number, content, created_at) VALUES ('450b46e4-b936-4f0a-b20a-8e7b6519cb24', '19a3d7f2-280d-4a98-82af-d96e2f14fab7', '280e0f82-658d-432d-a386-75d7b2696719', 5, '{"type": "doc", "content": [{"type": "paragraph", "content": [{"type": "text", "text": "This article discusses employee engagement in the workplace."}]}]}', '2025-04-28T08:53:21.027639');
INSERT INTO int_communication_rh_article_translations (id, article_id, language, title, content, created_at, updated_at) VALUES ('b8e5de08-16b0-4627-a6d4-3d6dbaf8736f', '280e0f82-658d-432d-a386-75d7b2696719', 'nl-BE', 'Betrokkenheid van werknemers', '{"type": "doc", "content": [{"type": "paragraph", "content": [{"type": "text", "text": "Dit artikel gaat over de betrokkenheid van werknemers."}]}]}', '2025-04-23T08:53:21.027639', '2025-04-23T08:53:21.027639');
INSERT INTO int_communication_rh_article_versions (id, article_translation_id, article_id, version_number, content, created_at) VALUES ('71227257-9ba5-4cc2-ac7c-3b921f96f950', 'b8e5de08-16b0-4627-a6d4-3d6dbaf8736f', '280e0f82-658d-432d-a386-75d7b2696719', 1, '{"type": "doc", "content": [{"type": "paragraph", "content": [{"type": "text", "text": "This article discusses employee engagement in the workplace."}]}]}', '2025-04-24T08:53:21.027639');
INSERT INTO int_communication_rh_article_versions (id, article_translation_id, article_id, version_number, content, created_at) VALUES ('8f1b0265-1074-4521-acac-89a1536c4202', 'b8e5de08-16b0-4627-a6d4-3d6dbaf8736f', '280e0f82-658d-432d-a386-75d7b2696719', 2, '{"type": "doc", "content": [{"type": "paragraph", "content": [{"type": "text", "text": "This article discusses employee engagement in the workplace."}]}]}', '2025-04-25T08:53:21.027639');
INSERT INTO int_communication_rh_article_versions (id, article_translation_id, article_id, version_number, content, created_at) VALUES ('7fdd35cc-38d8-4ac1-8c1d-5b10fa609618', 'b8e5de08-16b0-4627-a6d4-3d6dbaf8736f', '280e0f82-658d-432d-a386-75d7b2696719', 3, '{"type": "doc", "content": [{"type": "paragraph", "content": [{"type": "text", "text": "This article discusses employee engagement in the workplace."}]}]}', '2025-04-26T08:53:21.027639');
-- Article for financer 019740ef-896d-7297-a56d-438aa05751af
INSERT INTO int_communication_rh_articles (id, financer_id, author_id, created_at, updated_at) VALUES ('eb09ef67-1972-45ae-b45c-04cb3fadda36', '019740ef-896d-7297-a56d-438aa05751af', '4cd9c3c3-4765-45de-b851-67cf3b7ff65a', '2024-08-05T08:53:21.027832', '2024-08-05T08:53:21.027832');
INSERT INTO int_communication_rh_article_translations (id, article_id, language, title, content, created_at, updated_at) VALUES ('7b7d15e7-c067-4526-b4a2-8c4aef457f72', 'eb09ef67-1972-45ae-b45c-04cb3fadda36', 'fr-BE', 'Prévention du burnout', '{"type": "doc", "content": [{"type": "paragraph", "content": [{"type": "text", "text": "Cet article aborde la pr\u00e9vention du burnout."}]}]}', '2024-08-05T08:53:21.027832', '2024-08-05T08:53:21.027832');
INSERT INTO int_communication_rh_article_versions (id, article_translation_id, article_id, version_number, content, created_at) VALUES ('e889fd8f-e5a7-4155-ba73-99f53785bcd1', '7b7d15e7-c067-4526-b4a2-8c4aef457f72', 'eb09ef67-1972-45ae-b45c-04cb3fadda36', 1, '{"type": "doc", "content": [{"type": "paragraph", "content": [{"type": "text", "text": "This article discusses burnout prevention in the workplace."}]}]}', '2024-08-06T08:53:21.027832');
INSERT INTO int_communication_rh_article_versions (id, article_translation_id, article_id, version_number, content, created_at) VALUES ('eaaa9456-e4cc-4a2f-b5b0-08201d857ee4', '7b7d15e7-c067-4526-b4a2-8c4aef457f72', 'eb09ef67-1972-45ae-b45c-04cb3fadda36', 2, '{"type": "doc", "content": [{"type": "paragraph", "content": [{"type": "text", "text": "This article discusses burnout prevention in the workplace."}]}]}', '2024-08-07T08:53:21.027832');
INSERT INTO int_communication_rh_article_versions (id, article_translation_id, article_id, version_number, content, created_at) VALUES ('ea61e610-7e2d-4074-836c-092653a8d1ab', '7b7d15e7-c067-4526-b4a2-8c4aef457f72', 'eb09ef67-1972-45ae-b45c-04cb3fadda36', 3, '{"type": "doc", "content": [{"type": "paragraph", "content": [{"type": "text", "text": "This article discusses burnout prevention in the workplace."}]}]}', '2024-08-08T08:53:21.027832');
INSERT INTO int_communication_rh_article_versions (id, article_translation_id, article_id, version_number, content, created_at) VALUES ('b0ae6859-0862-4c1d-831d-575932edc372', '7b7d15e7-c067-4526-b4a2-8c4aef457f72', 'eb09ef67-1972-45ae-b45c-04cb3fadda36', 4, '{"type": "doc", "content": [{"type": "paragraph", "content": [{"type": "text", "text": "This article discusses burnout prevention in the workplace."}]}]}', '2024-08-09T08:53:21.027832');
INSERT INTO int_communication_rh_article_translations (id, article_id, language, title, content, created_at, updated_at) VALUES ('28a43892-7c4f-430b-97b7-28784958f460', 'eb09ef67-1972-45ae-b45c-04cb3fadda36', 'nl-BE', 'Burn-out preventie', '{"type": "doc", "content": [{"type": "paragraph", "content": [{"type": "text", "text": "Dit artikel gaat over het voorkomen van burn-out."}]}]}', '2024-08-05T08:53:21.027832', '2024-08-05T08:53:21.027832');
INSERT INTO int_communication_rh_article_versions (id, article_translation_id, article_id, version_number, content, created_at) VALUES ('fe43d3fd-65f2-4c45-9ee8-a59c96b12ab0', '28a43892-7c4f-430b-97b7-28784958f460', 'eb09ef67-1972-45ae-b45c-04cb3fadda36', 1, '{"type": "doc", "content": [{"type": "paragraph", "content": [{"type": "text", "text": "This article discusses burnout prevention in the workplace."}]}]}', '2024-08-06T08:53:21.027832');
INSERT INTO int_communication_rh_article_versions (id, article_translation_id, article_id, version_number, content, created_at) VALUES ('88cb8d25-411a-49b6-b526-791b864e58de', '28a43892-7c4f-430b-97b7-28784958f460', 'eb09ef67-1972-45ae-b45c-04cb3fadda36', 2, '{"type": "doc", "content": [{"type": "paragraph", "content": [{"type": "text", "text": "This article discusses burnout prevention in the workplace."}]}]}', '2024-08-07T08:53:21.027832');
-- Article for financer 019740ef-896d-7297-a56d-438aa05751af
INSERT INTO int_communication_rh_articles (id, financer_id, author_id, created_at, updated_at) VALUES ('2d803503-a509-4ba8-9676-9a525dee0a26', '019740ef-896d-7297-a56d-438aa05751af', 'cfe66295-ab61-48b2-a8c0-3a39387abcc8', '2024-06-08T08:53:21.027956', '2024-06-08T08:53:21.027956');
INSERT INTO int_communication_rh_article_translations (id, article_id, language, title, content, created_at, updated_at) VALUES ('bdf8178e-4e9a-41c7-a98c-92fe1852e51d', '2d803503-a509-4ba8-9676-9a525dee0a26', 'fr-BE', 'Prévention du burnout', '{"type": "doc", "content": [{"type": "paragraph", "content": [{"type": "text", "text": "Cet article aborde la pr\u00e9vention du burnout."}]}]}', '2024-06-08T08:53:21.027956', '2024-06-08T08:53:21.027956');
INSERT INTO int_communication_rh_article_versions (id, article_translation_id, article_id, version_number, content, created_at) VALUES ('aec51c1d-558e-4e73-9439-5645c3eab98f', 'bdf8178e-4e9a-41c7-a98c-92fe1852e51d', '2d803503-a509-4ba8-9676-9a525dee0a26', 1, '{"type": "doc", "content": [{"type": "paragraph", "content": [{"type": "text", "text": "This article discusses burnout prevention in the workplace."}]}]}', '2024-06-09T08:53:21.027956');
INSERT INTO int_communication_rh_article_versions (id, article_translation_id, article_id, version_number, content, created_at) VALUES ('f4a588f9-bf2c-4bc7-bafb-c52ea6a13bc9', 'bdf8178e-4e9a-41c7-a98c-92fe1852e51d', '2d803503-a509-4ba8-9676-9a525dee0a26', 2, '{"type": "doc", "content": [{"type": "paragraph", "content": [{"type": "text", "text": "This article discusses burnout prevention in the workplace."}]}]}', '2024-06-10T08:53:21.027956');
INSERT INTO int_communication_rh_article_versions (id, article_translation_id, article_id, version_number, content, created_at) VALUES ('82dbe721-5fb2-492b-8e96-79b407adda47', 'bdf8178e-4e9a-41c7-a98c-92fe1852e51d', '2d803503-a509-4ba8-9676-9a525dee0a26', 3, '{"type": "doc", "content": [{"type": "paragraph", "content": [{"type": "text", "text": "This article discusses burnout prevention in the workplace."}]}]}', '2024-06-11T08:53:21.027956');
INSERT INTO int_communication_rh_article_versions (id, article_translation_id, article_id, version_number, content, created_at) VALUES ('3b7647f9-77da-4b3f-8ea2-8bcc75854faa', 'bdf8178e-4e9a-41c7-a98c-92fe1852e51d', '2d803503-a509-4ba8-9676-9a525dee0a26', 4, '{"type": "doc", "content": [{"type": "paragraph", "content": [{"type": "text", "text": "This article discusses burnout prevention in the workplace."}]}]}', '2024-06-12T08:53:21.027956');
INSERT INTO int_communication_rh_article_versions (id, article_translation_id, article_id, version_number, content, created_at) VALUES ('a96d1312-06a0-46a7-a52f-a05a6e48d98e', 'bdf8178e-4e9a-41c7-a98c-92fe1852e51d', '2d803503-a509-4ba8-9676-9a525dee0a26', 5, '{"type": "doc", "content": [{"type": "paragraph", "content": [{"type": "text", "text": "This article discusses burnout prevention in the workplace."}]}]}', '2024-06-13T08:53:21.027956');
INSERT INTO int_communication_rh_article_translations (id, article_id, language, title, content, created_at, updated_at) VALUES ('fdc71635-6273-4304-adc0-03e717a466b7', '2d803503-a509-4ba8-9676-9a525dee0a26', 'nl-BE', 'Burn-out preventie', '{"type": "doc", "content": [{"type": "paragraph", "content": [{"type": "text", "text": "Dit artikel gaat over het voorkomen van burn-out."}]}]}', '2024-06-08T08:53:21.027956', '2024-06-08T08:53:21.027956');
INSERT INTO int_communication_rh_article_versions (id, article_translation_id, article_id, version_number, content, created_at) VALUES ('ef40a0db-c4bf-429b-a2e3-dc2af9b66031', 'fdc71635-6273-4304-adc0-03e717a466b7', '2d803503-a509-4ba8-9676-9a525dee0a26', 1, '{"type": "doc", "content": [{"type": "paragraph", "content": [{"type": "text", "text": "This article discusses burnout prevention in the workplace."}]}]}', '2024-06-09T08:53:21.027956');
INSERT INTO int_communication_rh_article_versions (id, article_translation_id, article_id, version_number, content, created_at) VALUES ('f0d45626-7a0a-425d-87ed-147c46dd2405', 'fdc71635-6273-4304-adc0-03e717a466b7', '2d803503-a509-4ba8-9676-9a525dee0a26', 2, '{"type": "doc", "content": [{"type": "paragraph", "content": [{"type": "text", "text": "This article discusses burnout prevention in the workplace."}]}]}', '2024-06-10T08:53:21.027956');
INSERT INTO int_communication_rh_article_versions (id, article_translation_id, article_id, version_number, content, created_at) VALUES ('7d83c113-3671-4de6-82f7-7c743982079f', 'fdc71635-6273-4304-adc0-03e717a466b7', '2d803503-a509-4ba8-9676-9a525dee0a26', 3, '{"type": "doc", "content": [{"type": "paragraph", "content": [{"type": "text", "text": "This article discusses burnout prevention in the workplace."}]}]}', '2024-06-11T08:53:21.027956');
INSERT INTO int_communication_rh_article_versions (id, article_translation_id, article_id, version_number, content, created_at) VALUES ('036b4561-3c8e-4ea9-8f9b-6efc51868339', 'fdc71635-6273-4304-adc0-03e717a466b7', '2d803503-a509-4ba8-9676-9a525dee0a26', 4, '{"type": "doc", "content": [{"type": "paragraph", "content": [{"type": "text", "text": "This article discusses burnout prevention in the workplace."}]}]}', '2024-06-12T08:53:21.027956');
INSERT INTO int_communication_rh_article_versions (id, article_translation_id, article_id, version_number, content, created_at) VALUES ('63b4f559-842c-4d54-b9e3-79f58d8fe794', 'fdc71635-6273-4304-adc0-03e717a466b7', '2d803503-a509-4ba8-9676-9a525dee0a26', 5, '{"type": "doc", "content": [{"type": "paragraph", "content": [{"type": "text", "text": "This article discusses burnout prevention in the workplace."}]}]}', '2024-06-13T08:53:21.027956');
-- Article for financer 019740ef-896d-7297-a56d-438aa05751af
INSERT INTO int_communication_rh_articles (id, financer_id, author_id, created_at, updated_at) VALUES ('cfe5f6d9-3bb1-4c27-92d2-f47424eb5e95', '019740ef-896d-7297-a56d-438aa05751af', '35193e7e-9b81-4f05-8325-46d5060bde82', '2025-05-12T08:53:21.028116', '2025-05-12T08:53:21.028116');
INSERT INTO int_communication_rh_article_translations (id, article_id, language, title, content, created_at, updated_at) VALUES ('18d0cd32-acb3-4cad-9e13-b3cbf97a51f9', 'cfe5f6d9-3bb1-4c27-92d2-f47424eb5e95', 'fr-BE', 'Équilibre travail-vie personnelle', '{"type": "doc", "content": [{"type": "paragraph", "content": [{"type": "text", "text": "Cet article parle de l''\u00e9quilibre entre vie professionnelle et vie priv\u00e9e."}]}]}', '2025-05-12T08:53:21.028116', '2025-05-12T08:53:21.028116');
INSERT INTO int_communication_rh_article_versions (id, article_translation_id, article_id, version_number, content, created_at) VALUES ('7ee0e44d-7fe3-4c92-b137-1ec084be7617', '18d0cd32-acb3-4cad-9e13-b3cbf97a51f9', 'cfe5f6d9-3bb1-4c27-92d2-f47424eb5e95', 1, '{"type": "doc", "content": [{"type": "paragraph", "content": [{"type": "text", "text": "This article discusses work-life balance in the workplace."}]}]}', '2025-05-13T08:53:21.028116');
INSERT INTO int_communication_rh_article_versions (id, article_translation_id, article_id, version_number, content, created_at) VALUES ('908cd23c-f561-4686-bbeb-5cfa7437d60e', '18d0cd32-acb3-4cad-9e13-b3cbf97a51f9', 'cfe5f6d9-3bb1-4c27-92d2-f47424eb5e95', 2, '{"type": "doc", "content": [{"type": "paragraph", "content": [{"type": "text", "text": "This article discusses work-life balance in the workplace."}]}]}', '2025-05-14T08:53:21.028116');
INSERT INTO int_communication_rh_article_versions (id, article_translation_id, article_id, version_number, content, created_at) VALUES ('2565053b-d519-473e-addc-d8412966626f', '18d0cd32-acb3-4cad-9e13-b3cbf97a51f9', 'cfe5f6d9-3bb1-4c27-92d2-f47424eb5e95', 3, '{"type": "doc", "content": [{"type": "paragraph", "content": [{"type": "text", "text": "This article discusses work-life balance in the workplace."}]}]}', '2025-05-15T08:53:21.028116');
INSERT INTO int_communication_rh_article_versions (id, article_translation_id, article_id, version_number, content, created_at) VALUES ('14483720-3cfb-41f3-9f80-3d44b7ba78ec', '18d0cd32-acb3-4cad-9e13-b3cbf97a51f9', 'cfe5f6d9-3bb1-4c27-92d2-f47424eb5e95', 4, '{"type": "doc", "content": [{"type": "paragraph", "content": [{"type": "text", "text": "This article discusses work-life balance in the workplace."}]}]}', '2025-05-16T08:53:21.028116');
INSERT INTO int_communication_rh_article_translations (id, article_id, language, title, content, created_at, updated_at) VALUES ('d73dde1e-0f8f-470e-a543-268420a41514', 'cfe5f6d9-3bb1-4c27-92d2-f47424eb5e95', 'nl-BE', 'Werk-privébalans', '{"type": "doc", "content": [{"type": "paragraph", "content": [{"type": "text", "text": "Dit artikel gaat over de balans tussen werk en priv\u00e9leven."}]}]}', '2025-05-12T08:53:21.028116', '2025-05-12T08:53:21.028116');
INSERT INTO int_communication_rh_article_versions (id, article_translation_id, article_id, version_number, content, created_at) VALUES ('89963d07-8b28-41de-b2e4-712494d835e6', 'd73dde1e-0f8f-470e-a543-268420a41514', 'cfe5f6d9-3bb1-4c27-92d2-f47424eb5e95', 1, '{"type": "doc", "content": [{"type": "paragraph", "content": [{"type": "text", "text": "This article discusses work-life balance in the workplace."}]}]}', '2025-05-13T08:53:21.028116');
INSERT INTO int_communication_rh_article_versions (id, article_translation_id, article_id, version_number, content, created_at) VALUES ('f9d3ff9e-4040-4369-8bdd-e7222cd167ea', 'd73dde1e-0f8f-470e-a543-268420a41514', 'cfe5f6d9-3bb1-4c27-92d2-f47424eb5e95', 2, '{"type": "doc", "content": [{"type": "paragraph", "content": [{"type": "text", "text": "This article discusses work-life balance in the workplace."}]}]}', '2025-05-14T08:53:21.028116');
INSERT INTO int_communication_rh_article_versions (id, article_translation_id, article_id, version_number, content, created_at) VALUES ('227259e9-634b-4056-9952-5e1a6447c0e5', 'd73dde1e-0f8f-470e-a543-268420a41514', 'cfe5f6d9-3bb1-4c27-92d2-f47424eb5e95', 3, '{"type": "doc", "content": [{"type": "paragraph", "content": [{"type": "text", "text": "This article discusses work-life balance in the workplace."}]}]}', '2025-05-15T08:53:21.028116');
-- Article for financer 019740ef-896d-7297-a56d-438aa05751af
INSERT INTO int_communication_rh_articles (id, financer_id, author_id, created_at, updated_at) VALUES ('6898e34f-7764-462d-be3f-410bd60bfc2c', '019740ef-896d-7297-a56d-438aa05751af', '1f11901e-4230-4cfe-8436-10ac4de87312', '2024-06-09T08:53:21.028298', '2024-06-09T08:53:21.028298');
INSERT INTO int_communication_rh_article_translations (id, article_id, language, title, content, created_at, updated_at) VALUES ('9a9d9cf0-a634-433a-911b-5b79f7026465', '6898e34f-7764-462d-be3f-410bd60bfc2c', 'fr-BE', 'Politiques de travail hybride', '{"type": "doc", "content": [{"type": "paragraph", "content": [{"type": "text", "text": "Cet article parle des politiques de travail hybride."}]}]}', '2024-06-09T08:53:21.028298', '2024-06-09T08:53:21.028298');
INSERT INTO int_communication_rh_article_versions (id, article_translation_id, article_id, version_number, content, created_at) VALUES ('7331eef9-204e-44ff-b6e5-566b55c89fc0', '9a9d9cf0-a634-433a-911b-5b79f7026465', '6898e34f-7764-462d-be3f-410bd60bfc2c', 1, '{"type": "doc", "content": [{"type": "paragraph", "content": [{"type": "text", "text": "This article discusses hybrid work policies in the workplace."}]}]}', '2024-06-10T08:53:21.028298');
INSERT INTO int_communication_rh_article_versions (id, article_translation_id, article_id, version_number, content, created_at) VALUES ('59486849-8a7c-4ee1-8bb9-0365f77b3efb', '9a9d9cf0-a634-433a-911b-5b79f7026465', '6898e34f-7764-462d-be3f-410bd60bfc2c', 2, '{"type": "doc", "content": [{"type": "paragraph", "content": [{"type": "text", "text": "This article discusses hybrid work policies in the workplace."}]}]}', '2024-06-11T08:53:21.028298');
INSERT INTO int_communication_rh_article_translations (id, article_id, language, title, content, created_at, updated_at) VALUES ('e269d901-7513-4b9d-9ad3-223437fe7f6e', '6898e34f-7764-462d-be3f-410bd60bfc2c', 'nl-BE', 'Hybride werkbeleid', '{"type": "doc", "content": [{"type": "paragraph", "content": [{"type": "text", "text": "Dit artikel bespreekt hybride werkbeleid."}]}]}', '2024-06-09T08:53:21.028298', '2024-06-09T08:53:21.028298');
INSERT INTO int_communication_rh_article_versions (id, article_translation_id, article_id, version_number, content, created_at) VALUES ('e656dc41-3904-4cb7-b57e-12680c60bda7', 'e269d901-7513-4b9d-9ad3-223437fe7f6e', '6898e34f-7764-462d-be3f-410bd60bfc2c', 1, '{"type": "doc", "content": [{"type": "paragraph", "content": [{"type": "text", "text": "This article discusses hybrid work policies in the workplace."}]}]}', '2024-06-10T08:53:21.028298');
INSERT INTO int_communication_rh_article_versions (id, article_translation_id, article_id, version_number, content, created_at) VALUES ('0775a693-d88a-4e70-9183-01be283d4aad', 'e269d901-7513-4b9d-9ad3-223437fe7f6e', '6898e34f-7764-462d-be3f-410bd60bfc2c', 2, '{"type": "doc", "content": [{"type": "paragraph", "content": [{"type": "text", "text": "This article discusses hybrid work policies in the workplace."}]}]}', '2024-06-11T08:53:21.028298');
INSERT INTO int_communication_rh_article_versions (id, article_translation_id, article_id, version_number, content, created_at) VALUES ('7c1f8edd-a777-4c35-bdd6-ce1aaf5d5080', 'e269d901-7513-4b9d-9ad3-223437fe7f6e', '6898e34f-7764-462d-be3f-410bd60bfc2c', 3, '{"type": "doc", "content": [{"type": "paragraph", "content": [{"type": "text", "text": "This article discusses hybrid work policies in the workplace."}]}]}', '2024-06-12T08:53:21.028298');
INSERT INTO int_communication_rh_article_versions (id, article_translation_id, article_id, version_number, content, created_at) VALUES ('a653db93-7da2-4b13-b7fe-919d214ac91e', 'e269d901-7513-4b9d-9ad3-223437fe7f6e', '6898e34f-7764-462d-be3f-410bd60bfc2c', 4, '{"type": "doc", "content": [{"type": "paragraph", "content": [{"type": "text", "text": "This article discusses hybrid work policies in the workplace."}]}]}', '2024-06-13T08:53:21.028298');
-- Article for financer 019740ef-896f-72e4-843e-d7618db2a6e1
INSERT INTO int_communication_rh_articles (id, financer_id, author_id, created_at, updated_at) VALUES ('44428ca5-ce94-4863-b135-6482bf6dfb62', '019740ef-896f-72e4-843e-d7618db2a6e1', '5eafb2c0-bee8-4bf9-9ed9-fbe26258705c', '2024-06-17T08:53:21.028594', '2024-06-17T08:53:21.028594');
INSERT INTO int_communication_rh_article_translations (id, article_id, language, title, content, created_at, updated_at) VALUES ('2cb7e684-3f1e-46f2-bfcc-9c7d6c6b4e36', '44428ca5-ce94-4863-b135-6482bf6dfb62', 'fr-FR', 'Prévention du burnout', '{"type": "doc", "content": [{"type": "paragraph", "content": [{"type": "text", "text": "Cet article aborde la pr\u00e9vention du burnout."}]}]}', '2024-06-17T08:53:21.028594', '2024-06-17T08:53:21.028594');
INSERT INTO int_communication_rh_article_versions (id, article_translation_id, article_id, version_number, content, created_at) VALUES ('400808d7-1664-49c0-a96a-59bb24f5b0ba', '2cb7e684-3f1e-46f2-bfcc-9c7d6c6b4e36', '44428ca5-ce94-4863-b135-6482bf6dfb62', 1, '{"type": "doc", "content": [{"type": "paragraph", "content": [{"type": "text", "text": "This article discusses burnout prevention in the workplace."}]}]}', '2024-06-18T08:53:21.028594');
INSERT INTO int_communication_rh_article_versions (id, article_translation_id, article_id, version_number, content, created_at) VALUES ('c8051a9c-a41c-4afa-8871-819503bfdbac', '2cb7e684-3f1e-46f2-bfcc-9c7d6c6b4e36', '44428ca5-ce94-4863-b135-6482bf6dfb62', 2, '{"type": "doc", "content": [{"type": "paragraph", "content": [{"type": "text", "text": "This article discusses burnout prevention in the workplace."}]}]}', '2024-06-19T08:53:21.028594');
INSERT INTO int_communication_rh_article_versions (id, article_translation_id, article_id, version_number, content, created_at) VALUES ('10bfd7f7-6571-4e22-b9f4-710d3c2c3c5e', '2cb7e684-3f1e-46f2-bfcc-9c7d6c6b4e36', '44428ca5-ce94-4863-b135-6482bf6dfb62', 3, '{"type": "doc", "content": [{"type": "paragraph", "content": [{"type": "text", "text": "This article discusses burnout prevention in the workplace."}]}]}', '2024-06-20T08:53:21.028594');
INSERT INTO int_communication_rh_article_versions (id, article_translation_id, article_id, version_number, content, created_at) VALUES ('2ef6c5cf-a813-4a74-a73d-6afe54a59a75', '2cb7e684-3f1e-46f2-bfcc-9c7d6c6b4e36', '44428ca5-ce94-4863-b135-6482bf6dfb62', 4, '{"type": "doc", "content": [{"type": "paragraph", "content": [{"type": "text", "text": "This article discusses burnout prevention in the workplace."}]}]}', '2024-06-21T08:53:21.028594');
INSERT INTO int_communication_rh_article_versions (id, article_translation_id, article_id, version_number, content, created_at) VALUES ('3b0f238a-1862-4dec-b55c-9a401b3a9731', '2cb7e684-3f1e-46f2-bfcc-9c7d6c6b4e36', '44428ca5-ce94-4863-b135-6482bf6dfb62', 5, '{"type": "doc", "content": [{"type": "paragraph", "content": [{"type": "text", "text": "This article discusses burnout prevention in the workplace."}]}]}', '2024-06-22T08:53:21.028594');
-- Article for financer 019740ef-896f-72e4-843e-d7618db2a6e1
INSERT INTO int_communication_rh_articles (id, financer_id, author_id, created_at, updated_at) VALUES ('dd46f2e3-6830-40e2-b9ea-a77ccadc80fa', '019740ef-896f-72e4-843e-d7618db2a6e1', '479aa9f8-cedb-4e6d-8d80-0a4cd96332eb', '2024-06-08T08:53:21.028725', '2024-06-08T08:53:21.028725');
INSERT INTO int_communication_rh_article_translations (id, article_id, language, title, content, created_at, updated_at) VALUES ('1406cf59-4c3b-4f6c-82bc-c3433248e600', 'dd46f2e3-6830-40e2-b9ea-a77ccadc80fa', 'fr-FR', 'Politiques de travail hybride', '{"type": "doc", "content": [{"type": "paragraph", "content": [{"type": "text", "text": "Cet article parle des politiques de travail hybride."}]}]}', '2024-06-08T08:53:21.028725', '2024-06-08T08:53:21.028725');
INSERT INTO int_communication_rh_article_versions (id, article_translation_id, article_id, version_number, content, created_at) VALUES ('65089027-2760-4a64-b5b7-1faee7920b48', '1406cf59-4c3b-4f6c-82bc-c3433248e600', 'dd46f2e3-6830-40e2-b9ea-a77ccadc80fa', 1, '{"type": "doc", "content": [{"type": "paragraph", "content": [{"type": "text", "text": "This article discusses hybrid work policies in the workplace."}]}]}', '2024-06-09T08:53:21.028725');
INSERT INTO int_communication_rh_article_versions (id, article_translation_id, article_id, version_number, content, created_at) VALUES ('cb2a60f0-8106-4adf-b7e3-ae7fa63c7555', '1406cf59-4c3b-4f6c-82bc-c3433248e600', 'dd46f2e3-6830-40e2-b9ea-a77ccadc80fa', 2, '{"type": "doc", "content": [{"type": "paragraph", "content": [{"type": "text", "text": "This article discusses hybrid work policies in the workplace."}]}]}', '2024-06-10T08:53:21.028725');
INSERT INTO int_communication_rh_article_versions (id, article_translation_id, article_id, version_number, content, created_at) VALUES ('ea63ef7f-0142-47bd-9258-1c90426a8b17', '1406cf59-4c3b-4f6c-82bc-c3433248e600', 'dd46f2e3-6830-40e2-b9ea-a77ccadc80fa', 3, '{"type": "doc", "content": [{"type": "paragraph", "content": [{"type": "text", "text": "This article discusses hybrid work policies in the workplace."}]}]}', '2024-06-11T08:53:21.028725');
INSERT INTO int_communication_rh_article_versions (id, article_translation_id, article_id, version_number, content, created_at) VALUES ('c3dbb352-6a10-4906-9751-7b4fd7a8f015', '1406cf59-4c3b-4f6c-82bc-c3433248e600', 'dd46f2e3-6830-40e2-b9ea-a77ccadc80fa', 4, '{"type": "doc", "content": [{"type": "paragraph", "content": [{"type": "text", "text": "This article discusses hybrid work policies in the workplace."}]}]}', '2024-06-12T08:53:21.028725');
INSERT INTO int_communication_rh_article_versions (id, article_translation_id, article_id, version_number, content, created_at) VALUES ('d7a7a428-c9f0-4038-8587-ae19fcf9ce0c', '1406cf59-4c3b-4f6c-82bc-c3433248e600', 'dd46f2e3-6830-40e2-b9ea-a77ccadc80fa', 5, '{"type": "doc", "content": [{"type": "paragraph", "content": [{"type": "text", "text": "This article discusses hybrid work policies in the workplace."}]}]}', '2024-06-13T08:53:21.028725');
-- Article for financer 019740ef-896f-72e4-843e-d7618db2a6e1
INSERT INTO int_communication_rh_articles (id, financer_id, author_id, created_at, updated_at) VALUES ('2707082c-d6f3-4cd4-94c7-7ba227134f73', '019740ef-896f-72e4-843e-d7618db2a6e1', '7955dc89-3353-48e7-ab63-9c5f9360b2c6', '2025-03-16T08:53:21.028983', '2025-03-16T08:53:21.028983');
INSERT INTO int_communication_rh_article_translations (id, article_id, language, title, content, created_at, updated_at) VALUES ('416be9e9-b7cd-49b8-bf50-08a061b2bd3f', '2707082c-d6f3-4cd4-94c7-7ba227134f73', 'fr-FR', 'Prévention du burnout', '{"type": "doc", "content": [{"type": "paragraph", "content": [{"type": "text", "text": "Cet article aborde la pr\u00e9vention du burnout."}]}]}', '2025-03-16T08:53:21.028983', '2025-03-16T08:53:21.028983');
INSERT INTO int_communication_rh_article_versions (id, article_translation_id, article_id, version_number, content, created_at) VALUES ('b7439e0b-d967-4e4b-89df-5f969e82d7c7', '416be9e9-b7cd-49b8-bf50-08a061b2bd3f', '2707082c-d6f3-4cd4-94c7-7ba227134f73', 1, '{"type": "doc", "content": [{"type": "paragraph", "content": [{"type": "text", "text": "This article discusses burnout prevention in the workplace."}]}]}', '2025-03-17T08:53:21.028983');
INSERT INTO int_communication_rh_article_versions (id, article_translation_id, article_id, version_number, content, created_at) VALUES ('df5eca28-45ac-46cc-b300-0c24bb23f91a', '416be9e9-b7cd-49b8-bf50-08a061b2bd3f', '2707082c-d6f3-4cd4-94c7-7ba227134f73', 2, '{"type": "doc", "content": [{"type": "paragraph", "content": [{"type": "text", "text": "This article discusses burnout prevention in the workplace."}]}]}', '2025-03-18T08:53:21.028983');
INSERT INTO int_communication_rh_article_versions (id, article_translation_id, article_id, version_number, content, created_at) VALUES ('0d61da16-a4c8-4ef7-a6ec-f2b77d303065', '416be9e9-b7cd-49b8-bf50-08a061b2bd3f', '2707082c-d6f3-4cd4-94c7-7ba227134f73', 3, '{"type": "doc", "content": [{"type": "paragraph", "content": [{"type": "text", "text": "This article discusses burnout prevention in the workplace."}]}]}', '2025-03-19T08:53:21.028983');
INSERT INTO int_communication_rh_article_versions (id, article_translation_id, article_id, version_number, content, created_at) VALUES ('7e2bfe98-14eb-49ef-9559-282a19086bed', '416be9e9-b7cd-49b8-bf50-08a061b2bd3f', '2707082c-d6f3-4cd4-94c7-7ba227134f73', 4, '{"type": "doc", "content": [{"type": "paragraph", "content": [{"type": "text", "text": "This article discusses burnout prevention in the workplace."}]}]}', '2025-03-20T08:53:21.028983');
INSERT INTO int_communication_rh_article_versions (id, article_translation_id, article_id, version_number, content, created_at) VALUES ('c1c93e62-1c0f-44bd-9610-07795f80c4f4', '416be9e9-b7cd-49b8-bf50-08a061b2bd3f', '2707082c-d6f3-4cd4-94c7-7ba227134f73', 5, '{"type": "doc", "content": [{"type": "paragraph", "content": [{"type": "text", "text": "This article discusses burnout prevention in the workplace."}]}]}', '2025-03-21T08:53:21.028983');
-- Article for financer 019740ef-896f-72e4-843e-d7618db2a6e1
INSERT INTO int_communication_rh_articles (id, financer_id, author_id, created_at, updated_at) VALUES ('babe1a57-5c64-4f91-b571-8782fd7e0b84', '019740ef-896f-72e4-843e-d7618db2a6e1', '9e0ff697-55fb-4407-bfc2-06cd9cab245e', '2024-09-04T08:53:21.029072', '2024-09-04T08:53:21.029072');
INSERT INTO int_communication_rh_article_translations (id, article_id, language, title, content, created_at, updated_at) VALUES ('aa624a4e-bca5-4647-b82f-1f4067ea4627', 'babe1a57-5c64-4f91-b571-8782fd7e0b84', 'fr-FR', 'Engagement des employés', '{"type": "doc", "content": [{"type": "paragraph", "content": [{"type": "text", "text": "Cet article traite de l''engagement des employ\u00e9s."}]}]}', '2024-09-04T08:53:21.029072', '2024-09-04T08:53:21.029072');
INSERT INTO int_communication_rh_article_versions (id, article_translation_id, article_id, version_number, content, created_at) VALUES ('6071d9c4-7ed5-42b2-8503-85da95a6635c', 'aa624a4e-bca5-4647-b82f-1f4067ea4627', 'babe1a57-5c64-4f91-b571-8782fd7e0b84', 1, '{"type": "doc", "content": [{"type": "paragraph", "content": [{"type": "text", "text": "This article discusses employee engagement in the workplace."}]}]}', '2024-09-05T08:53:21.029072');
INSERT INTO int_communication_rh_article_versions (id, article_translation_id, article_id, version_number, content, created_at) VALUES ('92fee1ca-a0e1-4fa3-b02e-742e53a6d4a1', 'aa624a4e-bca5-4647-b82f-1f4067ea4627', 'babe1a57-5c64-4f91-b571-8782fd7e0b84', 2, '{"type": "doc", "content": [{"type": "paragraph", "content": [{"type": "text", "text": "This article discusses employee engagement in the workplace."}]}]}', '2024-09-06T08:53:21.029072');
INSERT INTO int_communication_rh_article_versions (id, article_translation_id, article_id, version_number, content, created_at) VALUES ('be7357fc-e039-4090-a8ca-bd4cd57b489c', 'aa624a4e-bca5-4647-b82f-1f4067ea4627', 'babe1a57-5c64-4f91-b571-8782fd7e0b84', 3, '{"type": "doc", "content": [{"type": "paragraph", "content": [{"type": "text", "text": "This article discusses employee engagement in the workplace."}]}]}', '2024-09-07T08:53:21.029072');
INSERT INTO int_communication_rh_article_versions (id, article_translation_id, article_id, version_number, content, created_at) VALUES ('fef39134-2ee5-461c-98d5-59d12390edb3', 'aa624a4e-bca5-4647-b82f-1f4067ea4627', 'babe1a57-5c64-4f91-b571-8782fd7e0b84', 4, '{"type": "doc", "content": [{"type": "paragraph", "content": [{"type": "text", "text": "This article discusses employee engagement in the workplace."}]}]}', '2024-09-08T08:53:21.029072');
INSERT INTO int_communication_rh_article_versions (id, article_translation_id, article_id, version_number, content, created_at) VALUES ('a1e92418-aafb-4874-a769-705ff62ea62a', 'aa624a4e-bca5-4647-b82f-1f4067ea4627', 'babe1a57-5c64-4f91-b571-8782fd7e0b84', 5, '{"type": "doc", "content": [{"type": "paragraph", "content": [{"type": "text", "text": "This article discusses employee engagement in the workplace."}]}]}', '2024-09-09T08:53:21.029072');
-- Article for financer 019740ef-896f-72e4-843e-d7618db2a6e1
INSERT INTO int_communication_rh_articles (id, financer_id, author_id, created_at, updated_at) VALUES ('bb44ade7-9021-42b1-84f6-9b9cb6f4e16e', '019740ef-896f-72e4-843e-d7618db2a6e1', '52d49424-74c5-4929-864b-f84bc035e02a', '2025-05-24T08:53:21.029185', '2025-05-24T08:53:21.029185');
INSERT INTO int_communication_rh_article_translations (id, article_id, language, title, content, created_at, updated_at) VALUES ('29185cc1-bc1f-49c5-b8e6-ab57048684d1', 'bb44ade7-9021-42b1-84f6-9b9cb6f4e16e', 'fr-FR', 'Stratégies de motivation', '{"type": "doc", "content": [{"type": "paragraph", "content": [{"type": "text", "text": "Cet article explore les strat\u00e9gies de motivation."}]}]}', '2025-05-24T08:53:21.029185', '2025-05-24T08:53:21.029185');
INSERT INTO int_communication_rh_article_versions (id, article_translation_id, article_id, version_number, content, created_at) VALUES ('e499ee7e-9dd7-460c-930f-253f04f664a0', '29185cc1-bc1f-49c5-b8e6-ab57048684d1', 'bb44ade7-9021-42b1-84f6-9b9cb6f4e16e', 1, '{"type": "doc", "content": [{"type": "paragraph", "content": [{"type": "text", "text": "This article discusses motivation strategies in the workplace."}]}]}', '2025-05-25T08:53:21.029185');
INSERT INTO int_communication_rh_article_versions (id, article_translation_id, article_id, version_number, content, created_at) VALUES ('6370f046-f6bf-492e-b59c-8aa8e55bf521', '29185cc1-bc1f-49c5-b8e6-ab57048684d1', 'bb44ade7-9021-42b1-84f6-9b9cb6f4e16e', 2, '{"type": "doc", "content": [{"type": "paragraph", "content": [{"type": "text", "text": "This article discusses motivation strategies in the workplace."}]}]}', '2025-05-26T08:53:21.029185');
-- Article for financer 019740ef-896f-72e4-843e-d7618db2a6e1
INSERT INTO int_communication_rh_articles (id, financer_id, author_id, created_at, updated_at) VALUES ('a655a9c7-7abb-40ee-9fd8-9ab4ccd58a44', '019740ef-896f-72e4-843e-d7618db2a6e1', 'bfc05896-e043-4a89-af68-ac8dcc451752', '2024-08-19T08:53:21.029291', '2024-08-19T08:53:21.029291');
INSERT INTO int_communication_rh_article_translations (id, article_id, language, title, content, created_at, updated_at) VALUES ('031170bf-a021-49ac-b77e-b19e7b0e605d', 'a655a9c7-7abb-40ee-9fd8-9ab4ccd58a44', 'fr-FR', 'Stratégies de motivation', '{"type": "doc", "content": [{"type": "paragraph", "content": [{"type": "text", "text": "Cet article explore les strat\u00e9gies de motivation."}]}]}', '2024-08-19T08:53:21.029291', '2024-08-19T08:53:21.029291');
INSERT INTO int_communication_rh_article_versions (id, article_translation_id, article_id, version_number, content, created_at) VALUES ('9d42814c-8704-46cc-8f56-5b9efb7ca1e9', '031170bf-a021-49ac-b77e-b19e7b0e605d', 'a655a9c7-7abb-40ee-9fd8-9ab4ccd58a44', 1, '{"type": "doc", "content": [{"type": "paragraph", "content": [{"type": "text", "text": "This article discusses motivation strategies in the workplace."}]}]}', '2024-08-20T08:53:21.029291');
INSERT INTO int_communication_rh_article_versions (id, article_translation_id, article_id, version_number, content, created_at) VALUES ('a9ea7edd-f61e-4436-8305-a347f1ce18f9', '031170bf-a021-49ac-b77e-b19e7b0e605d', 'a655a9c7-7abb-40ee-9fd8-9ab4ccd58a44', 2, '{"type": "doc", "content": [{"type": "paragraph", "content": [{"type": "text", "text": "This article discusses motivation strategies in the workplace."}]}]}', '2024-08-21T08:53:21.029291');
INSERT INTO int_communication_rh_article_versions (id, article_translation_id, article_id, version_number, content, created_at) VALUES ('d656c52d-87fc-4704-b87c-1f3a49e04310', '031170bf-a021-49ac-b77e-b19e7b0e605d', 'a655a9c7-7abb-40ee-9fd8-9ab4ccd58a44', 3, '{"type": "doc", "content": [{"type": "paragraph", "content": [{"type": "text", "text": "This article discusses motivation strategies in the workplace."}]}]}', '2024-08-22T08:53:21.029291');
INSERT INTO int_communication_rh_article_versions (id, article_translation_id, article_id, version_number, content, created_at) VALUES ('12ca10bb-55ff-4e08-934b-88143bf8251a', '031170bf-a021-49ac-b77e-b19e7b0e605d', 'a655a9c7-7abb-40ee-9fd8-9ab4ccd58a44', 4, '{"type": "doc", "content": [{"type": "paragraph", "content": [{"type": "text", "text": "This article discusses motivation strategies in the workplace."}]}]}', '2024-08-23T08:53:21.029291');
-- Article for financer 019740ef-896f-72e4-843e-d7618db2a6e1
INSERT INTO int_communication_rh_articles (id, financer_id, author_id, created_at, updated_at) VALUES ('f220619d-b214-41b7-a343-521c2b50133e', '019740ef-896f-72e4-843e-d7618db2a6e1', '41b20ab8-0149-4632-9f92-0f5631762b9f', '2025-05-25T08:53:21.029403', '2025-05-25T08:53:21.029403');
INSERT INTO int_communication_rh_article_translations (id, article_id, language, title, content, created_at, updated_at) VALUES ('745c1380-b767-47e5-9752-d6951d331a73', 'f220619d-b214-41b7-a343-521c2b50133e', 'fr-FR', 'Équilibre travail-vie personnelle', '{"type": "doc", "content": [{"type": "paragraph", "content": [{"type": "text", "text": "Cet article parle de l''\u00e9quilibre entre vie professionnelle et vie priv\u00e9e."}]}]}', '2025-05-25T08:53:21.029403', '2025-05-25T08:53:21.029403');
INSERT INTO int_communication_rh_article_versions (id, article_translation_id, article_id, version_number, content, created_at) VALUES ('73575cad-3003-45c6-8214-ecd71a7e9ce7', '745c1380-b767-47e5-9752-d6951d331a73', 'f220619d-b214-41b7-a343-521c2b50133e', 1, '{"type": "doc", "content": [{"type": "paragraph", "content": [{"type": "text", "text": "This article discusses work-life balance in the workplace."}]}]}', '2025-05-26T08:53:21.029403');
INSERT INTO int_communication_rh_article_versions (id, article_translation_id, article_id, version_number, content, created_at) VALUES ('d3338e69-7256-463d-a4bf-388bb967cb14', '745c1380-b767-47e5-9752-d6951d331a73', 'f220619d-b214-41b7-a343-521c2b50133e', 2, '{"type": "doc", "content": [{"type": "paragraph", "content": [{"type": "text", "text": "This article discusses work-life balance in the workplace."}]}]}', '2025-05-27T08:53:21.029403');
INSERT INTO int_communication_rh_article_versions (id, article_translation_id, article_id, version_number, content, created_at) VALUES ('990e65d7-2b39-4b5e-a114-0167d1496b4b', '745c1380-b767-47e5-9752-d6951d331a73', 'f220619d-b214-41b7-a343-521c2b50133e', 3, '{"type": "doc", "content": [{"type": "paragraph", "content": [{"type": "text", "text": "This article discusses work-life balance in the workplace."}]}]}', '2025-05-28T08:53:21.029403');
-- Article for financer 019740ef-8970-73fb-8791-85256214a0ce
INSERT INTO int_communication_rh_articles (id, financer_id, author_id, created_at, updated_at) VALUES ('b03daad3-2bda-461d-98d2-029757948464', '019740ef-8970-73fb-8791-85256214a0ce', '330bf965-7de5-4210-8191-e4fd7fc37c7b', '2025-03-12T08:53:21.029676', '2025-03-12T08:53:21.029676');
INSERT INTO int_communication_rh_article_translations (id, article_id, language, title, content, created_at, updated_at) VALUES ('9fbff4c0-6a8c-497e-b901-0615324e668d', 'b03daad3-2bda-461d-98d2-029757948464', 'fr-FR', 'Communication efficace', '{"type": "doc", "content": [{"type": "paragraph", "content": [{"type": "text", "text": "Cet article traite de la communication efficace."}]}]}', '2025-03-12T08:53:21.029676', '2025-03-12T08:53:21.029676');
INSERT INTO int_communication_rh_article_versions (id, article_translation_id, article_id, version_number, content, created_at) VALUES ('9798ad46-b822-4607-a642-b0390af3a43d', '9fbff4c0-6a8c-497e-b901-0615324e668d', 'b03daad3-2bda-461d-98d2-029757948464', 1, '{"type": "doc", "content": [{"type": "paragraph", "content": [{"type": "text", "text": "This article discusses effective communication in the workplace."}]}]}', '2025-03-13T08:53:21.029676');
INSERT INTO int_communication_rh_article_versions (id, article_translation_id, article_id, version_number, content, created_at) VALUES ('6d985c2a-d485-438a-a1b8-9c600fd638c0', '9fbff4c0-6a8c-497e-b901-0615324e668d', 'b03daad3-2bda-461d-98d2-029757948464', 2, '{"type": "doc", "content": [{"type": "paragraph", "content": [{"type": "text", "text": "This article discusses effective communication in the workplace."}]}]}', '2025-03-14T08:53:21.029676');
INSERT INTO int_communication_rh_article_versions (id, article_translation_id, article_id, version_number, content, created_at) VALUES ('ca4d4197-df6f-4ef2-927b-7ba24eef7970', '9fbff4c0-6a8c-497e-b901-0615324e668d', 'b03daad3-2bda-461d-98d2-029757948464', 3, '{"type": "doc", "content": [{"type": "paragraph", "content": [{"type": "text", "text": "This article discusses effective communication in the workplace."}]}]}', '2025-03-15T08:53:21.029676');
-- Article for financer 019740ef-8970-73fb-8791-85256214a0ce
INSERT INTO int_communication_rh_articles (id, financer_id, author_id, created_at, updated_at) VALUES ('4557dcc1-2566-4089-8af9-a88b24a47fb2', '019740ef-8970-73fb-8791-85256214a0ce', '025c4dc4-ed2a-4fb9-a4cd-c75c14e03df6', '2024-08-06T08:53:21.029775', '2024-08-06T08:53:21.029775');
INSERT INTO int_communication_rh_article_translations (id, article_id, language, title, content, created_at, updated_at) VALUES ('169ee962-36d8-42fe-a651-fa398d6190b8', '4557dcc1-2566-4089-8af9-a88b24a47fb2', 'fr-FR', 'Santé mentale au travail', '{"type": "doc", "content": [{"type": "paragraph", "content": [{"type": "text", "text": "Cet article aborde la sant\u00e9 mentale au travail."}]}]}', '2024-08-06T08:53:21.029775', '2024-08-06T08:53:21.029775');
INSERT INTO int_communication_rh_article_versions (id, article_translation_id, article_id, version_number, content, created_at) VALUES ('78fa8b47-d35f-4719-b974-f26120e5c879', '169ee962-36d8-42fe-a651-fa398d6190b8', '4557dcc1-2566-4089-8af9-a88b24a47fb2', 1, '{"type": "doc", "content": [{"type": "paragraph", "content": [{"type": "text", "text": "This article discusses mental health at work in the workplace."}]}]}', '2024-08-07T08:53:21.029775');
INSERT INTO int_communication_rh_article_versions (id, article_translation_id, article_id, version_number, content, created_at) VALUES ('9e10ea45-4c69-45a1-9261-03faf89fc054', '169ee962-36d8-42fe-a651-fa398d6190b8', '4557dcc1-2566-4089-8af9-a88b24a47fb2', 2, '{"type": "doc", "content": [{"type": "paragraph", "content": [{"type": "text", "text": "This article discusses mental health at work in the workplace."}]}]}', '2024-08-08T08:53:21.029775');
INSERT INTO int_communication_rh_article_versions (id, article_translation_id, article_id, version_number, content, created_at) VALUES ('fdbb55e5-cfdb-49ec-8bf2-e0f80814e937', '169ee962-36d8-42fe-a651-fa398d6190b8', '4557dcc1-2566-4089-8af9-a88b24a47fb2', 3, '{"type": "doc", "content": [{"type": "paragraph", "content": [{"type": "text", "text": "This article discusses mental health at work in the workplace."}]}]}', '2024-08-09T08:53:21.029775');
INSERT INTO int_communication_rh_article_versions (id, article_translation_id, article_id, version_number, content, created_at) VALUES ('ed683d24-f4f8-445b-aacb-cb9ddfae1287', '169ee962-36d8-42fe-a651-fa398d6190b8', '4557dcc1-2566-4089-8af9-a88b24a47fb2', 4, '{"type": "doc", "content": [{"type": "paragraph", "content": [{"type": "text", "text": "This article discusses mental health at work in the workplace."}]}]}', '2024-08-10T08:53:21.029775');
INSERT INTO int_communication_rh_article_versions (id, article_translation_id, article_id, version_number, content, created_at) VALUES ('41e91c9d-bfe8-49ed-927f-f3be371a8ca9', '169ee962-36d8-42fe-a651-fa398d6190b8', '4557dcc1-2566-4089-8af9-a88b24a47fb2', 5, '{"type": "doc", "content": [{"type": "paragraph", "content": [{"type": "text", "text": "This article discusses mental health at work in the workplace."}]}]}', '2024-08-11T08:53:21.029775');
-- Article for financer 019740ef-8970-73fb-8791-85256214a0ce
INSERT INTO int_communication_rh_articles (id, financer_id, author_id, created_at, updated_at) VALUES ('75107ef3-05de-4ec1-b816-b7f5e316ee82', '019740ef-8970-73fb-8791-85256214a0ce', 'b30ab54a-6d66-4526-ad44-855d936117cb', '2025-05-08T08:53:21.029876', '2025-05-08T08:53:21.029876');
INSERT INTO int_communication_rh_article_translations (id, article_id, language, title, content, created_at, updated_at) VALUES ('b63337a3-f53f-4c62-befc-cdef4324aef3', '75107ef3-05de-4ec1-b816-b7f5e316ee82', 'fr-FR', 'Engagement des employés', '{"type": "doc", "content": [{"type": "paragraph", "content": [{"type": "text", "text": "Cet article traite de l''engagement des employ\u00e9s."}]}]}', '2025-05-08T08:53:21.029876', '2025-05-08T08:53:21.029876');
INSERT INTO int_communication_rh_article_versions (id, article_translation_id, article_id, version_number, content, created_at) VALUES ('f01877ea-396d-43c8-9f62-398089788a57', 'b63337a3-f53f-4c62-befc-cdef4324aef3', '75107ef3-05de-4ec1-b816-b7f5e316ee82', 1, '{"type": "doc", "content": [{"type": "paragraph", "content": [{"type": "text", "text": "This article discusses employee engagement in the workplace."}]}]}', '2025-05-09T08:53:21.029876');
INSERT INTO int_communication_rh_article_versions (id, article_translation_id, article_id, version_number, content, created_at) VALUES ('959239dd-4831-4b91-ac45-88ddbe0925d4', 'b63337a3-f53f-4c62-befc-cdef4324aef3', '75107ef3-05de-4ec1-b816-b7f5e316ee82', 2, '{"type": "doc", "content": [{"type": "paragraph", "content": [{"type": "text", "text": "This article discusses employee engagement in the workplace."}]}]}', '2025-05-10T08:53:21.029876');
INSERT INTO int_communication_rh_article_versions (id, article_translation_id, article_id, version_number, content, created_at) VALUES ('1556430c-9750-44d5-834b-397f506644f5', 'b63337a3-f53f-4c62-befc-cdef4324aef3', '75107ef3-05de-4ec1-b816-b7f5e316ee82', 3, '{"type": "doc", "content": [{"type": "paragraph", "content": [{"type": "text", "text": "This article discusses employee engagement in the workplace."}]}]}', '2025-05-11T08:53:21.029876');
-- Article for financer 019740ef-8971-70e8-950a-3bf46fbbb12f
INSERT INTO int_communication_rh_articles (id, financer_id, author_id, created_at, updated_at) VALUES ('e1186eb7-d820-43d7-ae8e-828f5aa5736b', '019740ef-8971-70e8-950a-3bf46fbbb12f', '3d257836-e4a2-4000-b445-e4e7cae1cc34', '2025-05-17T08:53:21.030051', '2025-05-17T08:53:21.030051');
INSERT INTO int_communication_rh_article_translations (id, article_id, language, title, content, created_at, updated_at) VALUES ('ab5a67d8-8f78-4294-a502-9001df2f4f67', 'e1186eb7-d820-43d7-ae8e-828f5aa5736b', 'fr-FR', 'Stratégies de motivation', '{"type": "doc", "content": [{"type": "paragraph", "content": [{"type": "text", "text": "Cet article explore les strat\u00e9gies de motivation."}]}]}', '2025-05-17T08:53:21.030051', '2025-05-17T08:53:21.030051');
INSERT INTO int_communication_rh_article_versions (id, article_translation_id, article_id, version_number, content, created_at) VALUES ('229375ae-5b39-4096-ad47-d5ff802a702f', 'ab5a67d8-8f78-4294-a502-9001df2f4f67', 'e1186eb7-d820-43d7-ae8e-828f5aa5736b', 1, '{"type": "doc", "content": [{"type": "paragraph", "content": [{"type": "text", "text": "This article discusses motivation strategies in the workplace."}]}]}', '2025-05-18T08:53:21.030051');
INSERT INTO int_communication_rh_article_versions (id, article_translation_id, article_id, version_number, content, created_at) VALUES ('9d9f8368-b2d2-460c-a5cd-afd857f62489', 'ab5a67d8-8f78-4294-a502-9001df2f4f67', 'e1186eb7-d820-43d7-ae8e-828f5aa5736b', 2, '{"type": "doc", "content": [{"type": "paragraph", "content": [{"type": "text", "text": "This article discusses motivation strategies in the workplace."}]}]}', '2025-05-19T08:53:21.030051');
-- Article for financer 019740ef-8971-70e8-950a-3bf46fbbb12f
INSERT INTO int_communication_rh_articles (id, financer_id, author_id, created_at, updated_at) VALUES ('7ab090b4-467f-4e11-b433-54164364a786', '019740ef-8971-70e8-950a-3bf46fbbb12f', '50aad26a-f384-4e26-ab14-0cc1ae65039d', '2024-08-24T08:53:21.030133', '2024-08-24T08:53:21.030133');
INSERT INTO int_communication_rh_article_translations (id, article_id, language, title, content, created_at, updated_at) VALUES ('92b6bb3c-b68a-411a-b9b5-df8d12be5438', '7ab090b4-467f-4e11-b433-54164364a786', 'fr-FR', 'Santé mentale au travail', '{"type": "doc", "content": [{"type": "paragraph", "content": [{"type": "text", "text": "Cet article aborde la sant\u00e9 mentale au travail."}]}]}', '2024-08-24T08:53:21.030133', '2024-08-24T08:53:21.030133');
INSERT INTO int_communication_rh_article_versions (id, article_translation_id, article_id, version_number, content, created_at) VALUES ('b115f856-9cef-47db-840b-ada3fec8938f', '92b6bb3c-b68a-411a-b9b5-df8d12be5438', '7ab090b4-467f-4e11-b433-54164364a786', 1, '{"type": "doc", "content": [{"type": "paragraph", "content": [{"type": "text", "text": "This article discusses mental health at work in the workplace."}]}]}', '2024-08-25T08:53:21.030133');
INSERT INTO int_communication_rh_article_versions (id, article_translation_id, article_id, version_number, content, created_at) VALUES ('97dce38c-9793-4508-bdac-f34590e1e53c', '92b6bb3c-b68a-411a-b9b5-df8d12be5438', '7ab090b4-467f-4e11-b433-54164364a786', 2, '{"type": "doc", "content": [{"type": "paragraph", "content": [{"type": "text", "text": "This article discusses mental health at work in the workplace."}]}]}', '2024-08-26T08:53:21.030133');
-- Article for financer 019740ef-8971-70e8-950a-3bf46fbbb12f
INSERT INTO int_communication_rh_articles (id, financer_id, author_id, created_at, updated_at) VALUES ('f37ae425-0b84-4a53-8621-1250a8121263', '019740ef-8971-70e8-950a-3bf46fbbb12f', '6b176835-77a8-4852-bddb-16cf532d1d38', '2024-11-29T08:53:21.030237', '2024-11-29T08:53:21.030237');
INSERT INTO int_communication_rh_article_translations (id, article_id, language, title, content, created_at, updated_at) VALUES ('f335bcf6-b4cc-4266-8212-20ae15499d66', 'f37ae425-0b84-4a53-8621-1250a8121263', 'fr-FR', 'Équilibre travail-vie personnelle', '{"type": "doc", "content": [{"type": "paragraph", "content": [{"type": "text", "text": "Cet article parle de l''\u00e9quilibre entre vie professionnelle et vie priv\u00e9e."}]}]}', '2024-11-29T08:53:21.030237', '2024-11-29T08:53:21.030237');
INSERT INTO int_communication_rh_article_versions (id, article_translation_id, article_id, version_number, content, created_at) VALUES ('89b25178-3498-4bd5-b4fc-87f470706ad0', 'f335bcf6-b4cc-4266-8212-20ae15499d66', 'f37ae425-0b84-4a53-8621-1250a8121263', 1, '{"type": "doc", "content": [{"type": "paragraph", "content": [{"type": "text", "text": "This article discusses work-life balance in the workplace."}]}]}', '2024-11-30T08:53:21.030237');
INSERT INTO int_communication_rh_article_versions (id, article_translation_id, article_id, version_number, content, created_at) VALUES ('7ff31a0b-4828-406b-96f3-3447aca821ea', 'f335bcf6-b4cc-4266-8212-20ae15499d66', 'f37ae425-0b84-4a53-8621-1250a8121263', 2, '{"type": "doc", "content": [{"type": "paragraph", "content": [{"type": "text", "text": "This article discusses work-life balance in the workplace."}]}]}', '2024-12-01T08:53:21.030237');
INSERT INTO int_communication_rh_article_versions (id, article_translation_id, article_id, version_number, content, created_at) VALUES ('b757caba-3e43-467c-b7e9-dd6f156bf135', 'f335bcf6-b4cc-4266-8212-20ae15499d66', 'f37ae425-0b84-4a53-8621-1250a8121263', 3, '{"type": "doc", "content": [{"type": "paragraph", "content": [{"type": "text", "text": "This article discusses work-life balance in the workplace."}]}]}', '2024-12-02T08:53:21.030237');
INSERT INTO int_communication_rh_article_versions (id, article_translation_id, article_id, version_number, content, created_at) VALUES ('99731717-6efd-42ac-868c-d592ef704ebc', 'f335bcf6-b4cc-4266-8212-20ae15499d66', 'f37ae425-0b84-4a53-8621-1250a8121263', 4, '{"type": "doc", "content": [{"type": "paragraph", "content": [{"type": "text", "text": "This article discusses work-life balance in the workplace."}]}]}', '2024-12-03T08:53:21.030237');
-- Article for financer 019740ef-8973-7257-bf46-e8ed34db6161
INSERT INTO int_communication_rh_articles (id, financer_id, author_id, created_at, updated_at) VALUES ('38e42d2a-ac1d-4788-91d9-bb942c9e243c', '019740ef-8973-7257-bf46-e8ed34db6161', '216d3b5c-28c6-4e47-961e-66735ddae79b', '2025-03-25T08:53:21.030444', '2025-03-25T08:53:21.030444');
INSERT INTO int_communication_rh_article_translations (id, article_id, language, title, content, created_at, updated_at) VALUES ('2a76e694-5066-4c97-9703-be4ab5c3f431', '38e42d2a-ac1d-4788-91d9-bb942c9e243c', 'fr-FR', 'Prévention du burnout', '{"type": "doc", "content": [{"type": "paragraph", "content": [{"type": "text", "text": "Cet article aborde la pr\u00e9vention du burnout."}]}]}', '2025-03-25T08:53:21.030444', '2025-03-25T08:53:21.030444');
INSERT INTO int_communication_rh_article_versions (id, article_translation_id, article_id, version_number, content, created_at) VALUES ('d7b3b68d-e783-475b-b71c-69ecbf8e760c', '2a76e694-5066-4c97-9703-be4ab5c3f431', '38e42d2a-ac1d-4788-91d9-bb942c9e243c', 1, '{"type": "doc", "content": [{"type": "paragraph", "content": [{"type": "text", "text": "This article discusses burnout prevention in the workplace."}]}]}', '2025-03-26T08:53:21.030444');
INSERT INTO int_communication_rh_article_versions (id, article_translation_id, article_id, version_number, content, created_at) VALUES ('458d94a7-9df1-4688-8ecc-60c9450a192e', '2a76e694-5066-4c97-9703-be4ab5c3f431', '38e42d2a-ac1d-4788-91d9-bb942c9e243c', 2, '{"type": "doc", "content": [{"type": "paragraph", "content": [{"type": "text", "text": "This article discusses burnout prevention in the workplace."}]}]}', '2025-03-27T08:53:21.030444');
INSERT INTO int_communication_rh_article_versions (id, article_translation_id, article_id, version_number, content, created_at) VALUES ('3777a953-57d3-4fe4-9c2e-3eaf8d36bf22', '2a76e694-5066-4c97-9703-be4ab5c3f431', '38e42d2a-ac1d-4788-91d9-bb942c9e243c', 3, '{"type": "doc", "content": [{"type": "paragraph", "content": [{"type": "text", "text": "This article discusses burnout prevention in the workplace."}]}]}', '2025-03-28T08:53:21.030444');
-- Article for financer 019740ef-8973-7257-bf46-e8ed34db6161
INSERT INTO int_communication_rh_articles (id, financer_id, author_id, created_at, updated_at) VALUES ('52d99768-a1b5-4619-9bfe-acc9126c0ef8', '019740ef-8973-7257-bf46-e8ed34db6161', '18159a95-984c-4cef-8826-8b36c62d4636', '2024-10-12T08:53:21.030564', '2024-10-12T08:53:21.030564');
INSERT INTO int_communication_rh_article_translations (id, article_id, language, title, content, created_at, updated_at) VALUES ('b7f0dbae-b46d-43e7-a296-aa802fa2951e', '52d99768-a1b5-4619-9bfe-acc9126c0ef8', 'fr-FR', 'Communication efficace', '{"type": "doc", "content": [{"type": "paragraph", "content": [{"type": "text", "text": "Cet article traite de la communication efficace."}]}]}', '2024-10-12T08:53:21.030564', '2024-10-12T08:53:21.030564');
INSERT INTO int_communication_rh_article_versions (id, article_translation_id, article_id, version_number, content, created_at) VALUES ('f0110845-8fc4-4442-8dde-1d50f8c8807f', 'b7f0dbae-b46d-43e7-a296-aa802fa2951e', '52d99768-a1b5-4619-9bfe-acc9126c0ef8', 1, '{"type": "doc", "content": [{"type": "paragraph", "content": [{"type": "text", "text": "This article discusses effective communication in the workplace."}]}]}', '2024-10-13T08:53:21.030564');
INSERT INTO int_communication_rh_article_versions (id, article_translation_id, article_id, version_number, content, created_at) VALUES ('08de9e66-a65c-483c-a287-81b36bd3e467', 'b7f0dbae-b46d-43e7-a296-aa802fa2951e', '52d99768-a1b5-4619-9bfe-acc9126c0ef8', 2, '{"type": "doc", "content": [{"type": "paragraph", "content": [{"type": "text", "text": "This article discusses effective communication in the workplace."}]}]}', '2024-10-14T08:53:21.030564');
INSERT INTO int_communication_rh_article_versions (id, article_translation_id, article_id, version_number, content, created_at) VALUES ('944b52e3-7ec4-48e6-960c-72334e0d9ebb', 'b7f0dbae-b46d-43e7-a296-aa802fa2951e', '52d99768-a1b5-4619-9bfe-acc9126c0ef8', 3, '{"type": "doc", "content": [{"type": "paragraph", "content": [{"type": "text", "text": "This article discusses effective communication in the workplace."}]}]}', '2024-10-15T08:53:21.030564');
-- Article for financer 019740ef-8973-7257-bf46-e8ed34db6161
INSERT INTO int_communication_rh_articles (id, financer_id, author_id, created_at, updated_at) VALUES ('239b4f2c-6124-4256-9f8e-ce85a4095e7f', '019740ef-8973-7257-bf46-e8ed34db6161', '1cff71c2-885c-431c-bfc5-cee63028e580', '2024-10-14T08:53:21.030680', '2024-10-14T08:53:21.030680');
INSERT INTO int_communication_rh_article_translations (id, article_id, language, title, content, created_at, updated_at) VALUES ('8aa41854-ab92-42c5-ac0b-09bd62cdca02', '239b4f2c-6124-4256-9f8e-ce85a4095e7f', 'fr-FR', 'Engagement des employés', '{"type": "doc", "content": [{"type": "paragraph", "content": [{"type": "text", "text": "Cet article traite de l''engagement des employ\u00e9s."}]}]}', '2024-10-14T08:53:21.030680', '2024-10-14T08:53:21.030680');
INSERT INTO int_communication_rh_article_versions (id, article_translation_id, article_id, version_number, content, created_at) VALUES ('c894aff3-114d-4b10-b4cb-f5f6c6f3e6a1', '8aa41854-ab92-42c5-ac0b-09bd62cdca02', '239b4f2c-6124-4256-9f8e-ce85a4095e7f', 1, '{"type": "doc", "content": [{"type": "paragraph", "content": [{"type": "text", "text": "This article discusses employee engagement in the workplace."}]}]}', '2024-10-15T08:53:21.030680');
INSERT INTO int_communication_rh_article_versions (id, article_translation_id, article_id, version_number, content, created_at) VALUES ('f481719c-3525-4dc2-bfda-c166388c953c', '8aa41854-ab92-42c5-ac0b-09bd62cdca02', '239b4f2c-6124-4256-9f8e-ce85a4095e7f', 2, '{"type": "doc", "content": [{"type": "paragraph", "content": [{"type": "text", "text": "This article discusses employee engagement in the workplace."}]}]}', '2024-10-16T08:53:21.030680');
-- Article for financer 019740ef-8973-7257-bf46-e8ed34db6161
INSERT INTO int_communication_rh_articles (id, financer_id, author_id, created_at, updated_at) VALUES ('b850b886-7ba3-4ff3-86b4-fbc7333824a4', '019740ef-8973-7257-bf46-e8ed34db6161', '82944406-7c3f-47af-9a16-c0128da56227', '2025-01-05T08:53:21.030758', '2025-01-05T08:53:21.030758');
INSERT INTO int_communication_rh_article_translations (id, article_id, language, title, content, created_at, updated_at) VALUES ('0dec6472-f36c-4477-861b-ecc97d53cd21', 'b850b886-7ba3-4ff3-86b4-fbc7333824a4', 'fr-FR', 'Prévention du burnout', '{"type": "doc", "content": [{"type": "paragraph", "content": [{"type": "text", "text": "Cet article aborde la pr\u00e9vention du burnout."}]}]}', '2025-01-05T08:53:21.030758', '2025-01-05T08:53:21.030758');
INSERT INTO int_communication_rh_article_versions (id, article_translation_id, article_id, version_number, content, created_at) VALUES ('525e7db2-8539-43cc-b2ae-4ec40f068266', '0dec6472-f36c-4477-861b-ecc97d53cd21', 'b850b886-7ba3-4ff3-86b4-fbc7333824a4', 1, '{"type": "doc", "content": [{"type": "paragraph", "content": [{"type": "text", "text": "This article discusses burnout prevention in the workplace."}]}]}', '2025-01-06T08:53:21.030758');
INSERT INTO int_communication_rh_article_versions (id, article_translation_id, article_id, version_number, content, created_at) VALUES ('eecc8f86-689c-45ea-b0db-3c7c04a1dcb0', '0dec6472-f36c-4477-861b-ecc97d53cd21', 'b850b886-7ba3-4ff3-86b4-fbc7333824a4', 2, '{"type": "doc", "content": [{"type": "paragraph", "content": [{"type": "text", "text": "This article discusses burnout prevention in the workplace."}]}]}', '2025-01-07T08:53:21.030758');
-- Article for financer 019740ef-8973-7257-bf46-e8ed34db6161
INSERT INTO int_communication_rh_articles (id, financer_id, author_id, created_at, updated_at) VALUES ('2d90fa39-dfaa-43b1-890c-3093281dc884', '019740ef-8973-7257-bf46-e8ed34db6161', '434efffc-3794-4a2a-b7ab-9cd0f0175d0d', '2025-03-18T08:53:21.030840', '2025-03-18T08:53:21.030840');
INSERT INTO int_communication_rh_article_translations (id, article_id, language, title, content, created_at, updated_at) VALUES ('ffd2cdda-d67d-4e4f-a3af-dec5064c1193', '2d90fa39-dfaa-43b1-890c-3093281dc884', 'fr-FR', 'Santé mentale au travail', '{"type": "doc", "content": [{"type": "paragraph", "content": [{"type": "text", "text": "Cet article aborde la sant\u00e9 mentale au travail."}]}]}', '2025-03-18T08:53:21.030840', '2025-03-18T08:53:21.030840');
INSERT INTO int_communication_rh_article_versions (id, article_translation_id, article_id, version_number, content, created_at) VALUES ('e8b58b88-f7c9-412b-abf5-7b5b1128543e', 'ffd2cdda-d67d-4e4f-a3af-dec5064c1193', '2d90fa39-dfaa-43b1-890c-3093281dc884', 1, '{"type": "doc", "content": [{"type": "paragraph", "content": [{"type": "text", "text": "This article discusses mental health at work in the workplace."}]}]}', '2025-03-19T08:53:21.030840');
INSERT INTO int_communication_rh_article_versions (id, article_translation_id, article_id, version_number, content, created_at) VALUES ('dd43020d-507d-485b-a307-2196b9c5d4b1', 'ffd2cdda-d67d-4e4f-a3af-dec5064c1193', '2d90fa39-dfaa-43b1-890c-3093281dc884', 2, '{"type": "doc", "content": [{"type": "paragraph", "content": [{"type": "text", "text": "This article discusses mental health at work in the workplace."}]}]}', '2025-03-20T08:53:21.030840');
INSERT INTO int_communication_rh_article_versions (id, article_translation_id, article_id, version_number, content, created_at) VALUES ('2d0b8460-b32f-4f2a-8901-746a72d47200', 'ffd2cdda-d67d-4e4f-a3af-dec5064c1193', '2d90fa39-dfaa-43b1-890c-3093281dc884', 3, '{"type": "doc", "content": [{"type": "paragraph", "content": [{"type": "text", "text": "This article discusses mental health at work in the workplace."}]}]}', '2025-03-21T08:53:21.030840');
-- Article for financer 019740ef-8973-7257-bf46-e8ed34db6161
INSERT INTO int_communication_rh_articles (id, financer_id, author_id, created_at, updated_at) VALUES ('86a832e8-09f7-483c-bd5c-b8f5a6e7be42', '019740ef-8973-7257-bf46-e8ed34db6161', 'fdd9a926-9a37-4d62-b4b5-878d6876bbd2', '2024-08-06T08:53:21.030918', '2024-08-06T08:53:21.030918');
INSERT INTO int_communication_rh_article_translations (id, article_id, language, title, content, created_at, updated_at) VALUES ('4257c3f4-cf18-476e-9245-739d6878d351', '86a832e8-09f7-483c-bd5c-b8f5a6e7be42', 'fr-FR', 'Prévention du burnout', '{"type": "doc", "content": [{"type": "paragraph", "content": [{"type": "text", "text": "Cet article aborde la pr\u00e9vention du burnout."}]}]}', '2024-08-06T08:53:21.030918', '2024-08-06T08:53:21.030918');
INSERT INTO int_communication_rh_article_versions (id, article_translation_id, article_id, version_number, content, created_at) VALUES ('8670db47-7558-47ec-bd9f-621db329b4d0', '4257c3f4-cf18-476e-9245-739d6878d351', '86a832e8-09f7-483c-bd5c-b8f5a6e7be42', 1, '{"type": "doc", "content": [{"type": "paragraph", "content": [{"type": "text", "text": "This article discusses burnout prevention in the workplace."}]}]}', '2024-08-07T08:53:21.030918');
INSERT INTO int_communication_rh_article_versions (id, article_translation_id, article_id, version_number, content, created_at) VALUES ('6cc4d771-62c2-474a-bec4-ea8bb8daed9a', '4257c3f4-cf18-476e-9245-739d6878d351', '86a832e8-09f7-483c-bd5c-b8f5a6e7be42', 2, '{"type": "doc", "content": [{"type": "paragraph", "content": [{"type": "text", "text": "This article discusses burnout prevention in the workplace."}]}]}', '2024-08-08T08:53:21.030918');
INSERT INTO int_communication_rh_article_versions (id, article_translation_id, article_id, version_number, content, created_at) VALUES ('861c98e9-2b10-444f-9014-14ceee17a847', '4257c3f4-cf18-476e-9245-739d6878d351', '86a832e8-09f7-483c-bd5c-b8f5a6e7be42', 3, '{"type": "doc", "content": [{"type": "paragraph", "content": [{"type": "text", "text": "This article discusses burnout prevention in the workplace."}]}]}', '2024-08-09T08:53:21.030918');
-- Article for financer 019740ef-8973-7257-bf46-e8ed34db6161
INSERT INTO int_communication_rh_articles (id, financer_id, author_id, created_at, updated_at) VALUES ('a9655373-d3b5-4211-a201-89041ba1c6b7', '019740ef-8973-7257-bf46-e8ed34db6161', '23f09ec3-5477-4bbc-9b35-a8321ab36a29', '2024-08-12T08:53:21.031033', '2024-08-12T08:53:21.031033');
INSERT INTO int_communication_rh_article_translations (id, article_id, language, title, content, created_at, updated_at) VALUES ('707caf7a-1076-41fe-9ba6-5244ad88cd00', 'a9655373-d3b5-4211-a201-89041ba1c6b7', 'fr-FR', 'Communication efficace', '{"type": "doc", "content": [{"type": "paragraph", "content": [{"type": "text", "text": "Cet article traite de la communication efficace."}]}]}', '2024-08-12T08:53:21.031033', '2024-08-12T08:53:21.031033');
INSERT INTO int_communication_rh_article_versions (id, article_translation_id, article_id, version_number, content, created_at) VALUES ('ff48532c-7f6f-4f58-9f7d-6885efef6480', '707caf7a-1076-41fe-9ba6-5244ad88cd00', 'a9655373-d3b5-4211-a201-89041ba1c6b7', 1, '{"type": "doc", "content": [{"type": "paragraph", "content": [{"type": "text", "text": "This article discusses effective communication in the workplace."}]}]}', '2024-08-13T08:53:21.031033');
INSERT INTO int_communication_rh_article_versions (id, article_translation_id, article_id, version_number, content, created_at) VALUES ('1799d169-44be-4bed-a64e-e966c73a9b21', '707caf7a-1076-41fe-9ba6-5244ad88cd00', 'a9655373-d3b5-4211-a201-89041ba1c6b7', 2, '{"type": "doc", "content": [{"type": "paragraph", "content": [{"type": "text", "text": "This article discusses effective communication in the workplace."}]}]}', '2024-08-14T08:53:21.031033');
INSERT INTO int_communication_rh_article_versions (id, article_translation_id, article_id, version_number, content, created_at) VALUES ('64b5e3b2-fb0b-4154-afae-81cfd361220d', '707caf7a-1076-41fe-9ba6-5244ad88cd00', 'a9655373-d3b5-4211-a201-89041ba1c6b7', 3, '{"type": "doc", "content": [{"type": "paragraph", "content": [{"type": "text", "text": "This article discusses effective communication in the workplace."}]}]}', '2024-08-15T08:53:21.031033');
-- Article for financer 019740ef-8974-7291-b698-ff2baae7ebdd
INSERT INTO int_communication_rh_articles (id, financer_id, author_id, created_at, updated_at) VALUES ('28f36ac8-a8fc-4d09-8d52-14b410cd616b', '019740ef-8974-7291-b698-ff2baae7ebdd', '9fcd79fe-8f81-463a-a261-913b870d441f', '2025-03-20T08:53:21.031190', '2025-03-20T08:53:21.031190');
INSERT INTO int_communication_rh_article_translations (id, article_id, language, title, content, created_at, updated_at) VALUES ('1cc62725-581d-49b0-ba67-28352291865f', '28f36ac8-a8fc-4d09-8d52-14b410cd616b', 'fr-FR', 'Politiques de travail hybride', '{"type": "doc", "content": [{"type": "paragraph", "content": [{"type": "text", "text": "Cet article parle des politiques de travail hybride."}]}]}', '2025-03-20T08:53:21.031190', '2025-03-20T08:53:21.031190');
INSERT INTO int_communication_rh_article_versions (id, article_translation_id, article_id, version_number, content, created_at) VALUES ('4aac7b9b-3c81-46cd-983d-033019cc8521', '1cc62725-581d-49b0-ba67-28352291865f', '28f36ac8-a8fc-4d09-8d52-14b410cd616b', 1, '{"type": "doc", "content": [{"type": "paragraph", "content": [{"type": "text", "text": "This article discusses hybrid work policies in the workplace."}]}]}', '2025-03-21T08:53:21.031190');
INSERT INTO int_communication_rh_article_versions (id, article_translation_id, article_id, version_number, content, created_at) VALUES ('580d5c29-23dd-4435-8be2-f6234e447120', '1cc62725-581d-49b0-ba67-28352291865f', '28f36ac8-a8fc-4d09-8d52-14b410cd616b', 2, '{"type": "doc", "content": [{"type": "paragraph", "content": [{"type": "text", "text": "This article discusses hybrid work policies in the workplace."}]}]}', '2025-03-22T08:53:21.031190');
INSERT INTO int_communication_rh_article_versions (id, article_translation_id, article_id, version_number, content, created_at) VALUES ('c925114d-38ae-478c-8df7-48955452a408', '1cc62725-581d-49b0-ba67-28352291865f', '28f36ac8-a8fc-4d09-8d52-14b410cd616b', 3, '{"type": "doc", "content": [{"type": "paragraph", "content": [{"type": "text", "text": "This article discusses hybrid work policies in the workplace."}]}]}', '2025-03-23T08:53:21.031190');
INSERT INTO int_communication_rh_article_versions (id, article_translation_id, article_id, version_number, content, created_at) VALUES ('6c408ce7-85f5-4105-9709-62eab9468c3c', '1cc62725-581d-49b0-ba67-28352291865f', '28f36ac8-a8fc-4d09-8d52-14b410cd616b', 4, '{"type": "doc", "content": [{"type": "paragraph", "content": [{"type": "text", "text": "This article discusses hybrid work policies in the workplace."}]}]}', '2025-03-24T08:53:21.031190');
-- Article for financer 019740ef-8974-7291-b698-ff2baae7ebdd
INSERT INTO int_communication_rh_articles (id, financer_id, author_id, created_at, updated_at) VALUES ('024f94a1-bd7f-4ff7-9eec-a223aec64f88', '019740ef-8974-7291-b698-ff2baae7ebdd', '4917955f-f0c9-4174-bea1-125870c1b432', '2025-05-10T08:53:21.031334', '2025-05-10T08:53:21.031334');
INSERT INTO int_communication_rh_article_translations (id, article_id, language, title, content, created_at, updated_at) VALUES ('b4b0ca3b-bfd3-4829-95d3-19aea39dc8ef', '024f94a1-bd7f-4ff7-9eec-a223aec64f88', 'fr-FR', 'Équilibre travail-vie personnelle', '{"type": "doc", "content": [{"type": "paragraph", "content": [{"type": "text", "text": "Cet article parle de l''\u00e9quilibre entre vie professionnelle et vie priv\u00e9e."}]}]}', '2025-05-10T08:53:21.031334', '2025-05-10T08:53:21.031334');
INSERT INTO int_communication_rh_article_versions (id, article_translation_id, article_id, version_number, content, created_at) VALUES ('75c97828-0781-4eb2-afb2-ebfb22023163', 'b4b0ca3b-bfd3-4829-95d3-19aea39dc8ef', '024f94a1-bd7f-4ff7-9eec-a223aec64f88', 1, '{"type": "doc", "content": [{"type": "paragraph", "content": [{"type": "text", "text": "This article discusses work-life balance in the workplace."}]}]}', '2025-05-11T08:53:21.031334');
INSERT INTO int_communication_rh_article_versions (id, article_translation_id, article_id, version_number, content, created_at) VALUES ('cdaea4b3-3520-473d-8ff6-9bf25fe3fc2a', 'b4b0ca3b-bfd3-4829-95d3-19aea39dc8ef', '024f94a1-bd7f-4ff7-9eec-a223aec64f88', 2, '{"type": "doc", "content": [{"type": "paragraph", "content": [{"type": "text", "text": "This article discusses work-life balance in the workplace."}]}]}', '2025-05-12T08:53:21.031334');
-- Article for financer 019740ef-8974-7291-b698-ff2baae7ebdd
INSERT INTO int_communication_rh_articles (id, financer_id, author_id, created_at, updated_at) VALUES ('90333ac8-bc14-4205-8170-634e3cdd5e94', '019740ef-8974-7291-b698-ff2baae7ebdd', 'e19c990e-c4a8-44bc-b5e9-82550a523493', '2025-02-15T08:53:21.031451', '2025-02-15T08:53:21.031451');
INSERT INTO int_communication_rh_article_translations (id, article_id, language, title, content, created_at, updated_at) VALUES ('a5642396-b9a3-4b80-ba5c-fa04d7c52164', '90333ac8-bc14-4205-8170-634e3cdd5e94', 'fr-FR', 'Prévention du burnout', '{"type": "doc", "content": [{"type": "paragraph", "content": [{"type": "text", "text": "Cet article aborde la pr\u00e9vention du burnout."}]}]}', '2025-02-15T08:53:21.031451', '2025-02-15T08:53:21.031451');
INSERT INTO int_communication_rh_article_versions (id, article_translation_id, article_id, version_number, content, created_at) VALUES ('b2ac4848-42ab-47ce-861d-2707c50a3d29', 'a5642396-b9a3-4b80-ba5c-fa04d7c52164', '90333ac8-bc14-4205-8170-634e3cdd5e94', 1, '{"type": "doc", "content": [{"type": "paragraph", "content": [{"type": "text", "text": "This article discusses burnout prevention in the workplace."}]}]}', '2025-02-16T08:53:21.031451');
INSERT INTO int_communication_rh_article_versions (id, article_translation_id, article_id, version_number, content, created_at) VALUES ('56ec2ac1-b113-4b26-8aed-c9c0b940f94f', 'a5642396-b9a3-4b80-ba5c-fa04d7c52164', '90333ac8-bc14-4205-8170-634e3cdd5e94', 2, '{"type": "doc", "content": [{"type": "paragraph", "content": [{"type": "text", "text": "This article discusses burnout prevention in the workplace."}]}]}', '2025-02-17T08:53:21.031451');
INSERT INTO int_communication_rh_article_versions (id, article_translation_id, article_id, version_number, content, created_at) VALUES ('4cf34aa1-1c8b-4a7b-8971-e40873c4f8b3', 'a5642396-b9a3-4b80-ba5c-fa04d7c52164', '90333ac8-bc14-4205-8170-634e3cdd5e94', 3, '{"type": "doc", "content": [{"type": "paragraph", "content": [{"type": "text", "text": "This article discusses burnout prevention in the workplace."}]}]}', '2025-02-18T08:53:21.031451');
INSERT INTO int_communication_rh_article_versions (id, article_translation_id, article_id, version_number, content, created_at) VALUES ('aa675f76-a130-4dce-90c4-da09821b2bcb', 'a5642396-b9a3-4b80-ba5c-fa04d7c52164', '90333ac8-bc14-4205-8170-634e3cdd5e94', 4, '{"type": "doc", "content": [{"type": "paragraph", "content": [{"type": "text", "text": "This article discusses burnout prevention in the workplace."}]}]}', '2025-02-19T08:53:21.031451');
INSERT INTO int_communication_rh_article_versions (id, article_translation_id, article_id, version_number, content, created_at) VALUES ('80bb396a-4de6-4358-9e7d-88c3e155ac54', 'a5642396-b9a3-4b80-ba5c-fa04d7c52164', '90333ac8-bc14-4205-8170-634e3cdd5e94', 5, '{"type": "doc", "content": [{"type": "paragraph", "content": [{"type": "text", "text": "This article discusses burnout prevention in the workplace."}]}]}', '2025-02-20T08:53:21.031451');
-- Article for financer 019740ef-8974-7291-b698-ff2baae7ebdd
INSERT INTO int_communication_rh_articles (id, financer_id, author_id, created_at, updated_at) VALUES ('35f6bbeb-f195-4a84-9bc0-335c4105af82', '019740ef-8974-7291-b698-ff2baae7ebdd', 'b8312c31-f274-4e78-b303-bdbf9d25f0f3', '2024-11-18T08:53:21.031575', '2024-11-18T08:53:21.031575');
INSERT INTO int_communication_rh_article_translations (id, article_id, language, title, content, created_at, updated_at) VALUES ('a3079169-3cee-4a39-8e36-01922ba4930d', '35f6bbeb-f195-4a84-9bc0-335c4105af82', 'fr-FR', 'Prévention du burnout', '{"type": "doc", "content": [{"type": "paragraph", "content": [{"type": "text", "text": "Cet article aborde la pr\u00e9vention du burnout."}]}]}', '2024-11-18T08:53:21.031575', '2024-11-18T08:53:21.031575');
INSERT INTO int_communication_rh_article_versions (id, article_translation_id, article_id, version_number, content, created_at) VALUES ('5cf46c4a-8295-4600-a56f-9886e850b499', 'a3079169-3cee-4a39-8e36-01922ba4930d', '35f6bbeb-f195-4a84-9bc0-335c4105af82', 1, '{"type": "doc", "content": [{"type": "paragraph", "content": [{"type": "text", "text": "This article discusses burnout prevention in the workplace."}]}]}', '2024-11-19T08:53:21.031575');
INSERT INTO int_communication_rh_article_versions (id, article_translation_id, article_id, version_number, content, created_at) VALUES ('684822de-4a31-4cd5-aab1-f0f3e4fd18a6', 'a3079169-3cee-4a39-8e36-01922ba4930d', '35f6bbeb-f195-4a84-9bc0-335c4105af82', 2, '{"type": "doc", "content": [{"type": "paragraph", "content": [{"type": "text", "text": "This article discusses burnout prevention in the workplace."}]}]}', '2024-11-20T08:53:21.031575');
INSERT INTO int_communication_rh_article_versions (id, article_translation_id, article_id, version_number, content, created_at) VALUES ('0c7ecc58-b024-4eb4-adbb-62c662f44b2a', 'a3079169-3cee-4a39-8e36-01922ba4930d', '35f6bbeb-f195-4a84-9bc0-335c4105af82', 3, '{"type": "doc", "content": [{"type": "paragraph", "content": [{"type": "text", "text": "This article discusses burnout prevention in the workplace."}]}]}', '2024-11-21T08:53:21.031575');
INSERT INTO int_communication_rh_article_versions (id, article_translation_id, article_id, version_number, content, created_at) VALUES ('4e067db4-b355-4de0-b04d-52c7c38d9c38', 'a3079169-3cee-4a39-8e36-01922ba4930d', '35f6bbeb-f195-4a84-9bc0-335c4105af82', 4, '{"type": "doc", "content": [{"type": "paragraph", "content": [{"type": "text", "text": "This article discusses burnout prevention in the workplace."}]}]}', '2024-11-22T08:53:21.031575');
INSERT INTO int_communication_rh_article_versions (id, article_translation_id, article_id, version_number, content, created_at) VALUES ('a9a390c4-32b8-428f-84f5-fe3c6cad5a5c', 'a3079169-3cee-4a39-8e36-01922ba4930d', '35f6bbeb-f195-4a84-9bc0-335c4105af82', 5, '{"type": "doc", "content": [{"type": "paragraph", "content": [{"type": "text", "text": "This article discusses burnout prevention in the workplace."}]}]}', '2024-11-23T08:53:21.031575');
-- Article for financer 019740ef-8974-7291-b698-ff2baae7ebdd
INSERT INTO int_communication_rh_articles (id, financer_id, author_id, created_at, updated_at) VALUES ('95b3a943-5e28-4e69-82d4-cfa0d32e9643', '019740ef-8974-7291-b698-ff2baae7ebdd', 'c734bd51-50f8-40d7-b9f4-e89b38a0140c', '2024-07-10T08:53:21.031712', '2024-07-10T08:53:21.031712');
INSERT INTO int_communication_rh_article_translations (id, article_id, language, title, content, created_at, updated_at) VALUES ('d53a9beb-7704-4710-94ad-7cdf18063b6a', '95b3a943-5e28-4e69-82d4-cfa0d32e9643', 'fr-FR', 'Équilibre travail-vie personnelle', '{"type": "doc", "content": [{"type": "paragraph", "content": [{"type": "text", "text": "Cet article parle de l''\u00e9quilibre entre vie professionnelle et vie priv\u00e9e."}]}]}', '2024-07-10T08:53:21.031712', '2024-07-10T08:53:21.031712');
INSERT INTO int_communication_rh_article_versions (id, article_translation_id, article_id, version_number, content, created_at) VALUES ('46d7fab4-d4ab-481b-93f1-2b6bfef8b1b0', 'd53a9beb-7704-4710-94ad-7cdf18063b6a', '95b3a943-5e28-4e69-82d4-cfa0d32e9643', 1, '{"type": "doc", "content": [{"type": "paragraph", "content": [{"type": "text", "text": "This article discusses work-life balance in the workplace."}]}]}', '2024-07-11T08:53:21.031712');
INSERT INTO int_communication_rh_article_versions (id, article_translation_id, article_id, version_number, content, created_at) VALUES ('4a306b1d-0ad8-40ce-9a4d-809031adf4b2', 'd53a9beb-7704-4710-94ad-7cdf18063b6a', '95b3a943-5e28-4e69-82d4-cfa0d32e9643', 2, '{"type": "doc", "content": [{"type": "paragraph", "content": [{"type": "text", "text": "This article discusses work-life balance in the workplace."}]}]}', '2024-07-12T08:53:21.031712');
INSERT INTO int_communication_rh_article_versions (id, article_translation_id, article_id, version_number, content, created_at) VALUES ('b55d837b-8fa1-42a3-a4c2-248dcecf95cc', 'd53a9beb-7704-4710-94ad-7cdf18063b6a', '95b3a943-5e28-4e69-82d4-cfa0d32e9643', 3, '{"type": "doc", "content": [{"type": "paragraph", "content": [{"type": "text", "text": "This article discusses work-life balance in the workplace."}]}]}', '2024-07-13T08:53:21.031712');
INSERT INTO int_communication_rh_article_versions (id, article_translation_id, article_id, version_number, content, created_at) VALUES ('8a039a10-473d-4681-993d-9ec35934d177', 'd53a9beb-7704-4710-94ad-7cdf18063b6a', '95b3a943-5e28-4e69-82d4-cfa0d32e9643', 4, '{"type": "doc", "content": [{"type": "paragraph", "content": [{"type": "text", "text": "This article discusses work-life balance in the workplace."}]}]}', '2024-07-14T08:53:21.031712');
INSERT INTO int_communication_rh_article_versions (id, article_translation_id, article_id, version_number, content, created_at) VALUES ('c56fbfa3-4936-41ca-8bfe-9f351555baf1', 'd53a9beb-7704-4710-94ad-7cdf18063b6a', '95b3a943-5e28-4e69-82d4-cfa0d32e9643', 5, '{"type": "doc", "content": [{"type": "paragraph", "content": [{"type": "text", "text": "This article discusses work-life balance in the workplace."}]}]}', '2024-07-15T08:53:21.031712');
-- Article for financer 019740ef-8974-7291-b698-ff2baae7ebdd
INSERT INTO int_communication_rh_articles (id, financer_id, author_id, created_at, updated_at) VALUES ('0725c37e-5af3-454f-97fa-4a44d7ef07e7', '019740ef-8974-7291-b698-ff2baae7ebdd', 'e7c73332-6cd0-4d75-a23e-82ab1a3a438d', '2025-03-31T08:53:21.031828', '2025-03-31T08:53:21.031828');
INSERT INTO int_communication_rh_article_translations (id, article_id, language, title, content, created_at, updated_at) VALUES ('78a569dc-1b8b-4b23-815e-8380bf04544a', '0725c37e-5af3-454f-97fa-4a44d7ef07e7', 'fr-FR', 'Engagement des employés', '{"type": "doc", "content": [{"type": "paragraph", "content": [{"type": "text", "text": "Cet article traite de l''engagement des employ\u00e9s."}]}]}', '2025-03-31T08:53:21.031828', '2025-03-31T08:53:21.031828');
INSERT INTO int_communication_rh_article_versions (id, article_translation_id, article_id, version_number, content, created_at) VALUES ('b2617f61-43db-4e2d-8d19-cbb4623cf3ff', '78a569dc-1b8b-4b23-815e-8380bf04544a', '0725c37e-5af3-454f-97fa-4a44d7ef07e7', 1, '{"type": "doc", "content": [{"type": "paragraph", "content": [{"type": "text", "text": "This article discusses employee engagement in the workplace."}]}]}', '2025-04-01T08:53:21.031828');
INSERT INTO int_communication_rh_article_versions (id, article_translation_id, article_id, version_number, content, created_at) VALUES ('e9686fb3-9657-42f5-b629-3885e28d41eb', '78a569dc-1b8b-4b23-815e-8380bf04544a', '0725c37e-5af3-454f-97fa-4a44d7ef07e7', 2, '{"type": "doc", "content": [{"type": "paragraph", "content": [{"type": "text", "text": "This article discusses employee engagement in the workplace."}]}]}', '2025-04-02T08:53:21.031828');
-- Article for financer 019740ef-8975-704f-8318-6910186faeb1
INSERT INTO int_communication_rh_articles (id, financer_id, author_id, created_at, updated_at) VALUES ('3bfaf964-b914-4335-9b8f-7cedadfbeae6', '019740ef-8975-704f-8318-6910186faeb1', 'f1e1df7b-f9e7-494b-907f-27a02ef0e9ca', '2025-05-26T08:53:21.031996', '2025-05-26T08:53:21.031996');
INSERT INTO int_communication_rh_article_translations (id, article_id, language, title, content, created_at, updated_at) VALUES ('0e947dcd-8da7-4e37-b90f-4ef55be75937', '3bfaf964-b914-4335-9b8f-7cedadfbeae6', 'en-GB', 'Employee Engagement', '{"type": "doc", "content": [{"type": "paragraph", "content": [{"type": "text", "text": "This article discusses employee engagement."}]}]}', '2025-05-26T08:53:21.031996', '2025-05-26T08:53:21.031996');
INSERT INTO int_communication_rh_article_versions (id, article_translation_id, article_id, version_number, content, created_at) VALUES ('ce83b90d-c38b-4d31-9e55-ec62d175a8ed', '0e947dcd-8da7-4e37-b90f-4ef55be75937', '3bfaf964-b914-4335-9b8f-7cedadfbeae6', 1, '{"type": "doc", "content": [{"type": "paragraph", "content": [{"type": "text", "text": "This article discusses employee engagement in the workplace."}]}]}', '2025-05-27T08:53:21.031996');
INSERT INTO int_communication_rh_article_versions (id, article_translation_id, article_id, version_number, content, created_at) VALUES ('dbbfbf95-c5d4-4ac6-a068-ea1ab60376a8', '0e947dcd-8da7-4e37-b90f-4ef55be75937', '3bfaf964-b914-4335-9b8f-7cedadfbeae6', 2, '{"type": "doc", "content": [{"type": "paragraph", "content": [{"type": "text", "text": "This article discusses employee engagement in the workplace."}]}]}', '2025-05-28T08:53:21.031996');
INSERT INTO int_communication_rh_article_versions (id, article_translation_id, article_id, version_number, content, created_at) VALUES ('2fab7fc0-f7d3-45b8-88ee-00691040ece7', '0e947dcd-8da7-4e37-b90f-4ef55be75937', '3bfaf964-b914-4335-9b8f-7cedadfbeae6', 3, '{"type": "doc", "content": [{"type": "paragraph", "content": [{"type": "text", "text": "This article discusses employee engagement in the workplace."}]}]}', '2025-05-29T08:53:21.031996');
-- Article for financer 019740ef-8975-704f-8318-6910186faeb1
INSERT INTO int_communication_rh_articles (id, financer_id, author_id, created_at, updated_at) VALUES ('7b541dd9-9e02-4bf3-98b9-1c7b67dabaea', '019740ef-8975-704f-8318-6910186faeb1', '3a1e69a8-80cf-4fbc-a8f4-546e75b54eb3', '2024-08-14T08:53:21.032113', '2024-08-14T08:53:21.032113');
INSERT INTO int_communication_rh_article_translations (id, article_id, language, title, content, created_at, updated_at) VALUES ('8034e0cb-e08a-4148-98da-f9ff282e87e9', '7b541dd9-9e02-4bf3-98b9-1c7b67dabaea', 'en-GB', 'Mental Health at Work', '{"type": "doc", "content": [{"type": "paragraph", "content": [{"type": "text", "text": "This article discusses mental health at work."}]}]}', '2024-08-14T08:53:21.032113', '2024-08-14T08:53:21.032113');
INSERT INTO int_communication_rh_article_versions (id, article_translation_id, article_id, version_number, content, created_at) VALUES ('f5f15bfb-43a0-4391-bdc5-4b43a78ecd81', '8034e0cb-e08a-4148-98da-f9ff282e87e9', '7b541dd9-9e02-4bf3-98b9-1c7b67dabaea', 1, '{"type": "doc", "content": [{"type": "paragraph", "content": [{"type": "text", "text": "This article discusses mental health at work in the workplace."}]}]}', '2024-08-15T08:53:21.032113');
INSERT INTO int_communication_rh_article_versions (id, article_translation_id, article_id, version_number, content, created_at) VALUES ('0a978c27-f822-4ff2-855a-06e72c3099e9', '8034e0cb-e08a-4148-98da-f9ff282e87e9', '7b541dd9-9e02-4bf3-98b9-1c7b67dabaea', 2, '{"type": "doc", "content": [{"type": "paragraph", "content": [{"type": "text", "text": "This article discusses mental health at work in the workplace."}]}]}', '2024-08-16T08:53:21.032113');
INSERT INTO int_communication_rh_article_versions (id, article_translation_id, article_id, version_number, content, created_at) VALUES ('f607e52f-8f78-4d29-95e5-b247e868e030', '8034e0cb-e08a-4148-98da-f9ff282e87e9', '7b541dd9-9e02-4bf3-98b9-1c7b67dabaea', 3, '{"type": "doc", "content": [{"type": "paragraph", "content": [{"type": "text", "text": "This article discusses mental health at work in the workplace."}]}]}', '2024-08-17T08:53:21.032113');
INSERT INTO int_communication_rh_article_versions (id, article_translation_id, article_id, version_number, content, created_at) VALUES ('e99bc983-b6cf-404e-8952-cd7eec2faad1', '8034e0cb-e08a-4148-98da-f9ff282e87e9', '7b541dd9-9e02-4bf3-98b9-1c7b67dabaea', 4, '{"type": "doc", "content": [{"type": "paragraph", "content": [{"type": "text", "text": "This article discusses mental health at work in the workplace."}]}]}', '2024-08-18T08:53:21.032113');
-- Article for financer 019740ef-8975-704f-8318-6910186faeb1
INSERT INTO int_communication_rh_articles (id, financer_id, author_id, created_at, updated_at) VALUES ('f0e9b9bf-ccf8-4609-8502-3ee47c4b54a6', '019740ef-8975-704f-8318-6910186faeb1', '924bbd07-947f-4855-806e-9728d53718ab', '2024-12-24T08:53:21.032195', '2024-12-24T08:53:21.032195');
INSERT INTO int_communication_rh_article_translations (id, article_id, language, title, content, created_at, updated_at) VALUES ('fb5c89bb-e4d8-433d-93f3-d0d0b435df29', 'f0e9b9bf-ccf8-4609-8502-3ee47c4b54a6', 'en-GB', 'Hybrid Work Policies', '{"type": "doc", "content": [{"type": "paragraph", "content": [{"type": "text", "text": "This article discusses hybrid work policies."}]}]}', '2024-12-24T08:53:21.032195', '2024-12-24T08:53:21.032195');
INSERT INTO int_communication_rh_article_versions (id, article_translation_id, article_id, version_number, content, created_at) VALUES ('9dec7801-7d4f-460c-b798-80ec3db301bd', 'fb5c89bb-e4d8-433d-93f3-d0d0b435df29', 'f0e9b9bf-ccf8-4609-8502-3ee47c4b54a6', 1, '{"type": "doc", "content": [{"type": "paragraph", "content": [{"type": "text", "text": "This article discusses hybrid work policies in the workplace."}]}]}', '2024-12-25T08:53:21.032195');
INSERT INTO int_communication_rh_article_versions (id, article_translation_id, article_id, version_number, content, created_at) VALUES ('7a965bd3-e0dc-4f6b-ac8f-b5556975117a', 'fb5c89bb-e4d8-433d-93f3-d0d0b435df29', 'f0e9b9bf-ccf8-4609-8502-3ee47c4b54a6', 2, '{"type": "doc", "content": [{"type": "paragraph", "content": [{"type": "text", "text": "This article discusses hybrid work policies in the workplace."}]}]}', '2024-12-26T08:53:21.032195');
-- Article for financer 019740ef-8975-704f-8318-6910186faeb1
INSERT INTO int_communication_rh_articles (id, financer_id, author_id, created_at, updated_at) VALUES ('7bef277e-3834-4d7d-abf6-b00b2664145f', '019740ef-8975-704f-8318-6910186faeb1', '49842ad6-7d23-49f4-8f72-28623d967956', '2025-01-21T08:53:21.032251', '2025-01-21T08:53:21.032251');
INSERT INTO int_communication_rh_article_translations (id, article_id, language, title, content, created_at, updated_at) VALUES ('c44a9c33-4265-4676-8615-fc7aecd3fa36', '7bef277e-3834-4d7d-abf6-b00b2664145f', 'en-GB', 'Work-Life Balance', '{"type": "doc", "content": [{"type": "paragraph", "content": [{"type": "text", "text": "This article discusses work-life balance."}]}]}', '2025-01-21T08:53:21.032251', '2025-01-21T08:53:21.032251');
INSERT INTO int_communication_rh_article_versions (id, article_translation_id, article_id, version_number, content, created_at) VALUES ('3929a985-2c7e-4b61-af57-ab9f72801b76', 'c44a9c33-4265-4676-8615-fc7aecd3fa36', '7bef277e-3834-4d7d-abf6-b00b2664145f', 1, '{"type": "doc", "content": [{"type": "paragraph", "content": [{"type": "text", "text": "This article discusses work-life balance in the workplace."}]}]}', '2025-01-22T08:53:21.032251');
INSERT INTO int_communication_rh_article_versions (id, article_translation_id, article_id, version_number, content, created_at) VALUES ('82f8ef36-537e-4589-886f-fd543d911a13', 'c44a9c33-4265-4676-8615-fc7aecd3fa36', '7bef277e-3834-4d7d-abf6-b00b2664145f', 2, '{"type": "doc", "content": [{"type": "paragraph", "content": [{"type": "text", "text": "This article discusses work-life balance in the workplace."}]}]}', '2025-01-23T08:53:21.032251');
INSERT INTO int_communication_rh_article_versions (id, article_translation_id, article_id, version_number, content, created_at) VALUES ('10a0601c-f7de-4ea9-b63d-e051eb4cc921', 'c44a9c33-4265-4676-8615-fc7aecd3fa36', '7bef277e-3834-4d7d-abf6-b00b2664145f', 3, '{"type": "doc", "content": [{"type": "paragraph", "content": [{"type": "text", "text": "This article discusses work-life balance in the workplace."}]}]}', '2025-01-24T08:53:21.032251');
INSERT INTO int_communication_rh_article_versions (id, article_translation_id, article_id, version_number, content, created_at) VALUES ('8ab2b749-f0fa-4198-8b79-4fdf09c5ef86', 'c44a9c33-4265-4676-8615-fc7aecd3fa36', '7bef277e-3834-4d7d-abf6-b00b2664145f', 4, '{"type": "doc", "content": [{"type": "paragraph", "content": [{"type": "text", "text": "This article discusses work-life balance in the workplace."}]}]}', '2025-01-25T08:53:21.032251');
INSERT INTO int_communication_rh_article_versions (id, article_translation_id, article_id, version_number, content, created_at) VALUES ('9240d354-cb58-4992-a550-934a3e74b85c', 'c44a9c33-4265-4676-8615-fc7aecd3fa36', '7bef277e-3834-4d7d-abf6-b00b2664145f', 5, '{"type": "doc", "content": [{"type": "paragraph", "content": [{"type": "text", "text": "This article discusses work-life balance in the workplace."}]}]}', '2025-01-26T08:53:21.032251');
-- Article for financer 019740ef-8975-704f-8318-6910186faeb1
INSERT INTO int_communication_rh_articles (id, financer_id, author_id, created_at, updated_at) VALUES ('542d8942-368c-488a-bb43-c19ede4ba007', '019740ef-8975-704f-8318-6910186faeb1', 'ff3e009e-06bb-41e9-9478-798129209e10', '2024-10-09T08:53:21.032365', '2024-10-09T08:53:21.032365');
INSERT INTO int_communication_rh_article_translations (id, article_id, language, title, content, created_at, updated_at) VALUES ('c79c4c91-1d7b-4619-9585-df833ab414d7', '542d8942-368c-488a-bb43-c19ede4ba007', 'en-GB', 'Work-Life Balance', '{"type": "doc", "content": [{"type": "paragraph", "content": [{"type": "text", "text": "This article discusses work-life balance."}]}]}', '2024-10-09T08:53:21.032365', '2024-10-09T08:53:21.032365');
INSERT INTO int_communication_rh_article_versions (id, article_translation_id, article_id, version_number, content, created_at) VALUES ('e030c1fa-701b-45e5-8d2a-271646cea22a', 'c79c4c91-1d7b-4619-9585-df833ab414d7', '542d8942-368c-488a-bb43-c19ede4ba007', 1, '{"type": "doc", "content": [{"type": "paragraph", "content": [{"type": "text", "text": "This article discusses work-life balance in the workplace."}]}]}', '2024-10-10T08:53:21.032365');
INSERT INTO int_communication_rh_article_versions (id, article_translation_id, article_id, version_number, content, created_at) VALUES ('559ea1d3-cbf1-4aa0-ab71-0b308f48058b', 'c79c4c91-1d7b-4619-9585-df833ab414d7', '542d8942-368c-488a-bb43-c19ede4ba007', 2, '{"type": "doc", "content": [{"type": "paragraph", "content": [{"type": "text", "text": "This article discusses work-life balance in the workplace."}]}]}', '2024-10-11T08:53:21.032365');
INSERT INTO int_communication_rh_article_versions (id, article_translation_id, article_id, version_number, content, created_at) VALUES ('628d72c2-9b32-46c0-8537-614cb379468f', 'c79c4c91-1d7b-4619-9585-df833ab414d7', '542d8942-368c-488a-bb43-c19ede4ba007', 3, '{"type": "doc", "content": [{"type": "paragraph", "content": [{"type": "text", "text": "This article discusses work-life balance in the workplace."}]}]}', '2024-10-12T08:53:21.032365');
INSERT INTO int_communication_rh_article_versions (id, article_translation_id, article_id, version_number, content, created_at) VALUES ('7c99766e-d947-4642-a332-6b3fc5406f56', 'c79c4c91-1d7b-4619-9585-df833ab414d7', '542d8942-368c-488a-bb43-c19ede4ba007', 4, '{"type": "doc", "content": [{"type": "paragraph", "content": [{"type": "text", "text": "This article discusses work-life balance in the workplace."}]}]}', '2024-10-13T08:53:21.032365');
-- Article for financer 019740ef-8975-704f-8318-6910186faeb1
INSERT INTO int_communication_rh_articles (id, financer_id, author_id, created_at, updated_at) VALUES ('413a7860-bf29-4246-a607-bbee06d63590', '019740ef-8975-704f-8318-6910186faeb1', '11023194-0dee-4415-879d-34fa8178c73f', '2024-09-07T08:53:21.032467', '2024-09-07T08:53:21.032467');
INSERT INTO int_communication_rh_article_translations (id, article_id, language, title, content, created_at, updated_at) VALUES ('ee1095dc-1f39-42c2-be93-d88ddddef968', '413a7860-bf29-4246-a607-bbee06d63590', 'en-GB', 'Burnout Prevention', '{"type": "doc", "content": [{"type": "paragraph", "content": [{"type": "text", "text": "This article discusses burnout prevention."}]}]}', '2024-09-07T08:53:21.032467', '2024-09-07T08:53:21.032467');
INSERT INTO int_communication_rh_article_versions (id, article_translation_id, article_id, version_number, content, created_at) VALUES ('cdf6fc39-ef62-4daa-8975-6574402bc44c', 'ee1095dc-1f39-42c2-be93-d88ddddef968', '413a7860-bf29-4246-a607-bbee06d63590', 1, '{"type": "doc", "content": [{"type": "paragraph", "content": [{"type": "text", "text": "This article discusses burnout prevention in the workplace."}]}]}', '2024-09-08T08:53:21.032467');
INSERT INTO int_communication_rh_article_versions (id, article_translation_id, article_id, version_number, content, created_at) VALUES ('9815c0f6-e1a5-4af5-8c6a-ff7597f9c193', 'ee1095dc-1f39-42c2-be93-d88ddddef968', '413a7860-bf29-4246-a607-bbee06d63590', 2, '{"type": "doc", "content": [{"type": "paragraph", "content": [{"type": "text", "text": "This article discusses burnout prevention in the workplace."}]}]}', '2024-09-09T08:53:21.032467');
-- Article for financer 019740ef-8977-71d4-8189-e9e1fba0ede9
INSERT INTO int_communication_rh_articles (id, financer_id, author_id, created_at, updated_at) VALUES ('24fd7306-ebce-4c12-9818-3b16eb7925d9', '019740ef-8977-71d4-8189-e9e1fba0ede9', '08c03661-5a77-404c-b414-85c9d41e7d19', '2024-06-09T08:53:21.032629', '2024-06-09T08:53:21.032629');
INSERT INTO int_communication_rh_article_translations (id, article_id, language, title, content, created_at, updated_at) VALUES ('f381e6ef-57aa-4dd1-b75d-039a2190295e', '24fd7306-ebce-4c12-9818-3b16eb7925d9', 'pt-PT', 'Políticas de trabalho híbrido', '{"type": "doc", "content": [{"type": "paragraph", "content": [{"type": "text", "text": "Este artigo aborda pol\u00edticas de trabalho h\u00edbrido."}]}]}', '2024-06-09T08:53:21.032629', '2024-06-09T08:53:21.032629');
INSERT INTO int_communication_rh_article_versions (id, article_translation_id, article_id, version_number, content, created_at) VALUES ('14c47695-1c50-4bbc-99fc-b05f4abcca2e', 'f381e6ef-57aa-4dd1-b75d-039a2190295e', '24fd7306-ebce-4c12-9818-3b16eb7925d9', 1, '{"type": "doc", "content": [{"type": "paragraph", "content": [{"type": "text", "text": "This article discusses hybrid work policies in the workplace."}]}]}', '2024-06-10T08:53:21.032629');
INSERT INTO int_communication_rh_article_versions (id, article_translation_id, article_id, version_number, content, created_at) VALUES ('e42bd581-f617-48e0-b196-709396202bd3', 'f381e6ef-57aa-4dd1-b75d-039a2190295e', '24fd7306-ebce-4c12-9818-3b16eb7925d9', 2, '{"type": "doc", "content": [{"type": "paragraph", "content": [{"type": "text", "text": "This article discusses hybrid work policies in the workplace."}]}]}', '2024-06-11T08:53:21.032629');
INSERT INTO int_communication_rh_article_versions (id, article_translation_id, article_id, version_number, content, created_at) VALUES ('75e1d4ad-07b1-456f-a953-bd23c55a07a3', 'f381e6ef-57aa-4dd1-b75d-039a2190295e', '24fd7306-ebce-4c12-9818-3b16eb7925d9', 3, '{"type": "doc", "content": [{"type": "paragraph", "content": [{"type": "text", "text": "This article discusses hybrid work policies in the workplace."}]}]}', '2024-06-12T08:53:21.032629');
-- Article for financer 019740ef-8977-71d4-8189-e9e1fba0ede9
INSERT INTO int_communication_rh_articles (id, financer_id, author_id, created_at, updated_at) VALUES ('f5ce6e4b-ea8e-4caf-a1ad-8369f7c6a41b', '019740ef-8977-71d4-8189-e9e1fba0ede9', 'd27ae22a-703d-4aa5-82cf-73e5a0f7b377', '2025-05-22T08:53:21.032945', '2025-05-22T08:53:21.032945');
INSERT INTO int_communication_rh_article_translations (id, article_id, language, title, content, created_at, updated_at) VALUES ('c45ac33d-d516-458d-83d3-fa36c3d1c7d7', 'f5ce6e4b-ea8e-4caf-a1ad-8369f7c6a41b', 'pt-PT', 'Prevenção do burnout', '{"type": "doc", "content": [{"type": "paragraph", "content": [{"type": "text", "text": "Este artigo aborda a preven\u00e7\u00e3o do burnout."}]}]}', '2025-05-22T08:53:21.032945', '2025-05-22T08:53:21.032945');
INSERT INTO int_communication_rh_article_versions (id, article_translation_id, article_id, version_number, content, created_at) VALUES ('3eddd267-6c91-42f2-a277-8198a1fa3ea5', 'c45ac33d-d516-458d-83d3-fa36c3d1c7d7', 'f5ce6e4b-ea8e-4caf-a1ad-8369f7c6a41b', 1, '{"type": "doc", "content": [{"type": "paragraph", "content": [{"type": "text", "text": "This article discusses burnout prevention in the workplace."}]}]}', '2025-05-23T08:53:21.032945');
INSERT INTO int_communication_rh_article_versions (id, article_translation_id, article_id, version_number, content, created_at) VALUES ('561dbb72-3751-4bba-be13-f2126c492e38', 'c45ac33d-d516-458d-83d3-fa36c3d1c7d7', 'f5ce6e4b-ea8e-4caf-a1ad-8369f7c6a41b', 2, '{"type": "doc", "content": [{"type": "paragraph", "content": [{"type": "text", "text": "This article discusses burnout prevention in the workplace."}]}]}', '2025-05-24T08:53:21.032945');
INSERT INTO int_communication_rh_article_versions (id, article_translation_id, article_id, version_number, content, created_at) VALUES ('a54e5708-3e1b-43a9-bd16-50aa61b46b10', 'c45ac33d-d516-458d-83d3-fa36c3d1c7d7', 'f5ce6e4b-ea8e-4caf-a1ad-8369f7c6a41b', 3, '{"type": "doc", "content": [{"type": "paragraph", "content": [{"type": "text", "text": "This article discusses burnout prevention in the workplace."}]}]}', '2025-05-25T08:53:21.032945');
-- Article for financer 019740ef-8977-71d4-8189-e9e1fba0ede9
INSERT INTO int_communication_rh_articles (id, financer_id, author_id, created_at, updated_at) VALUES ('51c1a9e1-23cd-4b05-af8a-3256edbcd79e', '019740ef-8977-71d4-8189-e9e1fba0ede9', 'f5cd61d1-182a-4fd4-9806-5c888c4d80f7', '2024-09-28T08:53:21.033070', '2024-09-28T08:53:21.033070');
INSERT INTO int_communication_rh_article_translations (id, article_id, language, title, content, created_at, updated_at) VALUES ('095a12f7-d2d4-4adf-8444-29c58c8d6399', '51c1a9e1-23cd-4b05-af8a-3256edbcd79e', 'pt-PT', 'Estratégias de motivação', '{"type": "doc", "content": [{"type": "paragraph", "content": [{"type": "text", "text": "Este artigo discute estrat\u00e9gias de motiva\u00e7\u00e3o."}]}]}', '2024-09-28T08:53:21.033070', '2024-09-28T08:53:21.033070');
INSERT INTO int_communication_rh_article_versions (id, article_translation_id, article_id, version_number, content, created_at) VALUES ('42268e98-884f-4765-ad61-bd233a6524c9', '095a12f7-d2d4-4adf-8444-29c58c8d6399', '51c1a9e1-23cd-4b05-af8a-3256edbcd79e', 1, '{"type": "doc", "content": [{"type": "paragraph", "content": [{"type": "text", "text": "This article discusses motivation strategies in the workplace."}]}]}', '2024-09-29T08:53:21.033070');
INSERT INTO int_communication_rh_article_versions (id, article_translation_id, article_id, version_number, content, created_at) VALUES ('bdd15feb-40db-48fd-88a1-a5e0a3a0b0a3', '095a12f7-d2d4-4adf-8444-29c58c8d6399', '51c1a9e1-23cd-4b05-af8a-3256edbcd79e', 2, '{"type": "doc", "content": [{"type": "paragraph", "content": [{"type": "text", "text": "This article discusses motivation strategies in the workplace."}]}]}', '2024-09-30T08:53:21.033070');
INSERT INTO int_communication_rh_article_versions (id, article_translation_id, article_id, version_number, content, created_at) VALUES ('3ee2bb4a-ae2b-4418-8f1c-c0a9aaee57d9', '095a12f7-d2d4-4adf-8444-29c58c8d6399', '51c1a9e1-23cd-4b05-af8a-3256edbcd79e', 3, '{"type": "doc", "content": [{"type": "paragraph", "content": [{"type": "text", "text": "This article discusses motivation strategies in the workplace."}]}]}', '2024-10-01T08:53:21.033070');
INSERT INTO int_communication_rh_article_versions (id, article_translation_id, article_id, version_number, content, created_at) VALUES ('988d778b-c3c9-415c-80c3-839384f91d62', '095a12f7-d2d4-4adf-8444-29c58c8d6399', '51c1a9e1-23cd-4b05-af8a-3256edbcd79e', 4, '{"type": "doc", "content": [{"type": "paragraph", "content": [{"type": "text", "text": "This article discusses motivation strategies in the workplace."}]}]}', '2024-10-02T08:53:21.033070');
INSERT INTO int_communication_rh_article_versions (id, article_translation_id, article_id, version_number, content, created_at) VALUES ('3e653e7a-16cb-4df3-a2bf-0d18dc3761c3', '095a12f7-d2d4-4adf-8444-29c58c8d6399', '51c1a9e1-23cd-4b05-af8a-3256edbcd79e', 5, '{"type": "doc", "content": [{"type": "paragraph", "content": [{"type": "text", "text": "This article discusses motivation strategies in the workplace."}]}]}', '2024-10-03T08:53:21.033070');
-- Article for financer 019740ef-8977-71d4-8189-e9e1fba0ede9
INSERT INTO int_communication_rh_articles (id, financer_id, author_id, created_at, updated_at) VALUES ('69640325-bf0a-4831-8850-031b4b4031a5', '019740ef-8977-71d4-8189-e9e1fba0ede9', '756cc898-1451-4ff2-9fc2-1578e997c32a', '2024-08-26T08:53:21.033184', '2024-08-26T08:53:21.033184');
INSERT INTO int_communication_rh_article_translations (id, article_id, language, title, content, created_at, updated_at) VALUES ('86149e5e-b248-41fc-b13a-d6805e22fe78', '69640325-bf0a-4831-8850-031b4b4031a5', 'pt-PT', 'Engajamento dos funcionários', '{"type": "doc", "content": [{"type": "paragraph", "content": [{"type": "text", "text": "Este artigo aborda o engajamento dos funcion\u00e1rios."}]}]}', '2024-08-26T08:53:21.033184', '2024-08-26T08:53:21.033184');
INSERT INTO int_communication_rh_article_versions (id, article_translation_id, article_id, version_number, content, created_at) VALUES ('f4192ce5-ab1f-4a45-b683-4e16039ca21e', '86149e5e-b248-41fc-b13a-d6805e22fe78', '69640325-bf0a-4831-8850-031b4b4031a5', 1, '{"type": "doc", "content": [{"type": "paragraph", "content": [{"type": "text", "text": "This article discusses employee engagement in the workplace."}]}]}', '2024-08-27T08:53:21.033184');
INSERT INTO int_communication_rh_article_versions (id, article_translation_id, article_id, version_number, content, created_at) VALUES ('7b83d743-ab21-4b42-b1d1-950217b5d4ea', '86149e5e-b248-41fc-b13a-d6805e22fe78', '69640325-bf0a-4831-8850-031b4b4031a5', 2, '{"type": "doc", "content": [{"type": "paragraph", "content": [{"type": "text", "text": "This article discusses employee engagement in the workplace."}]}]}', '2024-08-28T08:53:21.033184');
INSERT INTO int_communication_rh_article_versions (id, article_translation_id, article_id, version_number, content, created_at) VALUES ('6c159a66-b9fc-42d5-974f-6c1c65d13f4b', '86149e5e-b248-41fc-b13a-d6805e22fe78', '69640325-bf0a-4831-8850-031b4b4031a5', 3, '{"type": "doc", "content": [{"type": "paragraph", "content": [{"type": "text", "text": "This article discusses employee engagement in the workplace."}]}]}', '2024-08-29T08:53:21.033184');
-- Article for financer 019740ef-8977-71d4-8189-e9e1fba0ede9
INSERT INTO int_communication_rh_articles (id, financer_id, author_id, created_at, updated_at) VALUES ('0f545e7e-6fbe-44c8-9fc8-0366a26c548c', '019740ef-8977-71d4-8189-e9e1fba0ede9', '31928cba-baea-4a8b-a570-e57c53937add', '2024-10-01T08:53:21.033274', '2024-10-01T08:53:21.033274');
INSERT INTO int_communication_rh_article_translations (id, article_id, language, title, content, created_at, updated_at) VALUES ('b660f86a-65f6-4444-b389-9cb385ca24c6', '0f545e7e-6fbe-44c8-9fc8-0366a26c548c', 'pt-PT', 'Equilíbrio entre trabalho e vida pessoal', '{"type": "doc", "content": [{"type": "paragraph", "content": [{"type": "text", "text": "Este artigo trata do equil\u00edbrio entre trabalho e vida pessoal."}]}]}', '2024-10-01T08:53:21.033274', '2024-10-01T08:53:21.033274');
INSERT INTO int_communication_rh_article_versions (id, article_translation_id, article_id, version_number, content, created_at) VALUES ('669793d1-9a70-4cab-8d7b-408445835ba3', 'b660f86a-65f6-4444-b389-9cb385ca24c6', '0f545e7e-6fbe-44c8-9fc8-0366a26c548c', 1, '{"type": "doc", "content": [{"type": "paragraph", "content": [{"type": "text", "text": "This article discusses work-life balance in the workplace."}]}]}', '2024-10-02T08:53:21.033274');
INSERT INTO int_communication_rh_article_versions (id, article_translation_id, article_id, version_number, content, created_at) VALUES ('61d2abbb-9082-4739-8146-34a6f02e282e', 'b660f86a-65f6-4444-b389-9cb385ca24c6', '0f545e7e-6fbe-44c8-9fc8-0366a26c548c', 2, '{"type": "doc", "content": [{"type": "paragraph", "content": [{"type": "text", "text": "This article discusses work-life balance in the workplace."}]}]}', '2024-10-03T08:53:21.033274');
INSERT INTO int_communication_rh_article_versions (id, article_translation_id, article_id, version_number, content, created_at) VALUES ('46a202e2-394d-4a8d-a788-382c5c4d5f5c', 'b660f86a-65f6-4444-b389-9cb385ca24c6', '0f545e7e-6fbe-44c8-9fc8-0366a26c548c', 3, '{"type": "doc", "content": [{"type": "paragraph", "content": [{"type": "text", "text": "This article discusses work-life balance in the workplace."}]}]}', '2024-10-04T08:53:21.033274');
INSERT INTO int_communication_rh_article_versions (id, article_translation_id, article_id, version_number, content, created_at) VALUES ('53e26634-1806-481d-9ff9-d0173155e2c8', 'b660f86a-65f6-4444-b389-9cb385ca24c6', '0f545e7e-6fbe-44c8-9fc8-0366a26c548c', 4, '{"type": "doc", "content": [{"type": "paragraph", "content": [{"type": "text", "text": "This article discusses work-life balance in the workplace."}]}]}', '2024-10-05T08:53:21.033274');
INSERT INTO int_communication_rh_article_versions (id, article_translation_id, article_id, version_number, content, created_at) VALUES ('7a845ebd-e7d0-4a84-bf5e-8d3dfaf36180', 'b660f86a-65f6-4444-b389-9cb385ca24c6', '0f545e7e-6fbe-44c8-9fc8-0366a26c548c', 5, '{"type": "doc", "content": [{"type": "paragraph", "content": [{"type": "text", "text": "This article discusses work-life balance in the workplace."}]}]}', '2024-10-06T08:53:21.033274');
-- Article for financer 019740ef-8977-71d4-8189-e9e1fba0ede9
INSERT INTO int_communication_rh_articles (id, financer_id, author_id, created_at, updated_at) VALUES ('2e824395-0915-45af-916d-19bd865cd7b2', '019740ef-8977-71d4-8189-e9e1fba0ede9', 'd7d778fd-e0ca-4f2d-af3c-a951e4f52f5e', '2024-10-07T08:53:21.033394', '2024-10-07T08:53:21.033394');
INSERT INTO int_communication_rh_article_translations (id, article_id, language, title, content, created_at, updated_at) VALUES ('a7c7fe73-1d2c-4367-8ebc-30a779dc5adf', '2e824395-0915-45af-916d-19bd865cd7b2', 'pt-PT', 'Engajamento dos funcionários', '{"type": "doc", "content": [{"type": "paragraph", "content": [{"type": "text", "text": "Este artigo aborda o engajamento dos funcion\u00e1rios."}]}]}', '2024-10-07T08:53:21.033394', '2024-10-07T08:53:21.033394');
INSERT INTO int_communication_rh_article_versions (id, article_translation_id, article_id, version_number, content, created_at) VALUES ('56044676-b4c4-4f2b-bfc3-f3750eaab110', 'a7c7fe73-1d2c-4367-8ebc-30a779dc5adf', '2e824395-0915-45af-916d-19bd865cd7b2', 1, '{"type": "doc", "content": [{"type": "paragraph", "content": [{"type": "text", "text": "This article discusses employee engagement in the workplace."}]}]}', '2024-10-08T08:53:21.033394');
INSERT INTO int_communication_rh_article_versions (id, article_translation_id, article_id, version_number, content, created_at) VALUES ('3b2f2b71-b326-45f7-831c-300750abead1', 'a7c7fe73-1d2c-4367-8ebc-30a779dc5adf', '2e824395-0915-45af-916d-19bd865cd7b2', 2, '{"type": "doc", "content": [{"type": "paragraph", "content": [{"type": "text", "text": "This article discusses employee engagement in the workplace."}]}]}', '2024-10-09T08:53:21.033394');
INSERT INTO int_communication_rh_article_versions (id, article_translation_id, article_id, version_number, content, created_at) VALUES ('92a44ed2-e243-44f8-94d2-84190e8b4b7f', 'a7c7fe73-1d2c-4367-8ebc-30a779dc5adf', '2e824395-0915-45af-916d-19bd865cd7b2', 3, '{"type": "doc", "content": [{"type": "paragraph", "content": [{"type": "text", "text": "This article discusses employee engagement in the workplace."}]}]}', '2024-10-10T08:53:21.033394');
INSERT INTO int_communication_rh_article_versions (id, article_translation_id, article_id, version_number, content, created_at) VALUES ('70f14663-157e-499d-b8b9-e7f38c684fd0', 'a7c7fe73-1d2c-4367-8ebc-30a779dc5adf', '2e824395-0915-45af-916d-19bd865cd7b2', 4, '{"type": "doc", "content": [{"type": "paragraph", "content": [{"type": "text", "text": "This article discusses employee engagement in the workplace."}]}]}', '2024-10-11T08:53:21.033394');
INSERT INTO int_communication_rh_article_versions (id, article_translation_id, article_id, version_number, content, created_at) VALUES ('2a0a9110-612b-4c21-a729-fd90e6f90e24', 'a7c7fe73-1d2c-4367-8ebc-30a779dc5adf', '2e824395-0915-45af-916d-19bd865cd7b2', 5, '{"type": "doc", "content": [{"type": "paragraph", "content": [{"type": "text", "text": "This article discusses employee engagement in the workplace."}]}]}', '2024-10-12T08:53:21.033394');
-- Article for financer 019740ef-8978-737b-a90b-520de7b9c0c7
INSERT INTO int_communication_rh_articles (id, financer_id, author_id, created_at, updated_at) VALUES ('2bd9c285-1e5f-41f3-b14f-9f032ac36d51', '019740ef-8978-737b-a90b-520de7b9c0c7', '617c6f9c-f509-4f55-a5e4-aa8c8ffdefaa', '2024-06-30T08:53:21.033690', '2024-06-30T08:53:21.033690');
INSERT INTO int_communication_rh_article_translations (id, article_id, language, title, content, created_at, updated_at) VALUES ('cf946a70-8f40-4195-866b-5c3989e00804', '2bd9c285-1e5f-41f3-b14f-9f032ac36d51', 'ro-RO', 'Comunicare eficientă', '{"type": "doc", "content": [{"type": "paragraph", "content": [{"type": "text", "text": "Acest articol discut\u0103 despre comunicarea eficient\u0103."}]}]}', '2024-06-30T08:53:21.033690', '2024-06-30T08:53:21.033690');
INSERT INTO int_communication_rh_article_versions (id, article_translation_id, article_id, version_number, content, created_at) VALUES ('3e650779-f25c-4e77-9c57-2bcbfe19daee', 'cf946a70-8f40-4195-866b-5c3989e00804', '2bd9c285-1e5f-41f3-b14f-9f032ac36d51', 1, '{"type": "doc", "content": [{"type": "paragraph", "content": [{"type": "text", "text": "This article discusses effective communication in the workplace."}]}]}', '2024-07-01T08:53:21.033690');
INSERT INTO int_communication_rh_article_versions (id, article_translation_id, article_id, version_number, content, created_at) VALUES ('e2d21e94-ad40-4006-85d0-b96e1a377659', 'cf946a70-8f40-4195-866b-5c3989e00804', '2bd9c285-1e5f-41f3-b14f-9f032ac36d51', 2, '{"type": "doc", "content": [{"type": "paragraph", "content": [{"type": "text", "text": "This article discusses effective communication in the workplace."}]}]}', '2024-07-02T08:53:21.033690');
INSERT INTO int_communication_rh_article_versions (id, article_translation_id, article_id, version_number, content, created_at) VALUES ('c90030eb-a025-4cf9-b826-cb8ac330f7db', 'cf946a70-8f40-4195-866b-5c3989e00804', '2bd9c285-1e5f-41f3-b14f-9f032ac36d51', 3, '{"type": "doc", "content": [{"type": "paragraph", "content": [{"type": "text", "text": "This article discusses effective communication in the workplace."}]}]}', '2024-07-03T08:53:21.033690');
INSERT INTO int_communication_rh_article_versions (id, article_translation_id, article_id, version_number, content, created_at) VALUES ('9744bffe-4472-4bfa-ad3c-93afba71a0c4', 'cf946a70-8f40-4195-866b-5c3989e00804', '2bd9c285-1e5f-41f3-b14f-9f032ac36d51', 4, '{"type": "doc", "content": [{"type": "paragraph", "content": [{"type": "text", "text": "This article discusses effective communication in the workplace."}]}]}', '2024-07-04T08:53:21.033690');
INSERT INTO int_communication_rh_article_versions (id, article_translation_id, article_id, version_number, content, created_at) VALUES ('f3126186-91c2-407d-99a2-1e5eee0d81bc', 'cf946a70-8f40-4195-866b-5c3989e00804', '2bd9c285-1e5f-41f3-b14f-9f032ac36d51', 5, '{"type": "doc", "content": [{"type": "paragraph", "content": [{"type": "text", "text": "This article discusses effective communication in the workplace."}]}]}', '2024-07-05T08:53:21.033690');
-- Article for financer 019740ef-8978-737b-a90b-520de7b9c0c7
INSERT INTO int_communication_rh_articles (id, financer_id, author_id, created_at, updated_at) VALUES ('ce0a54d5-c90a-4c88-bb59-3c4fd5109d16', '019740ef-8978-737b-a90b-520de7b9c0c7', 'cfc1eb46-0a81-4af0-b6a7-f1f00b4b381a', '2025-04-06T08:53:21.033839', '2025-04-06T08:53:21.033839');
INSERT INTO int_communication_rh_article_translations (id, article_id, language, title, content, created_at, updated_at) VALUES ('653094c6-303f-4716-82c8-7226e9f84e3b', 'ce0a54d5-c90a-4c88-bb59-3c4fd5109d16', 'ro-RO', 'Prevenirea burnout-ului', '{"type": "doc", "content": [{"type": "paragraph", "content": [{"type": "text", "text": "Acest articol discut\u0103 despre prevenirea burnout-ului."}]}]}', '2025-04-06T08:53:21.033839', '2025-04-06T08:53:21.033839');
INSERT INTO int_communication_rh_article_versions (id, article_translation_id, article_id, version_number, content, created_at) VALUES ('36949913-7c1b-4d96-bcb8-190b054ca498', '653094c6-303f-4716-82c8-7226e9f84e3b', 'ce0a54d5-c90a-4c88-bb59-3c4fd5109d16', 1, '{"type": "doc", "content": [{"type": "paragraph", "content": [{"type": "text", "text": "This article discusses burnout prevention in the workplace."}]}]}', '2025-04-07T08:53:21.033839');
INSERT INTO int_communication_rh_article_versions (id, article_translation_id, article_id, version_number, content, created_at) VALUES ('5b8396dc-ccc0-4779-96ad-41c0a0f3bcf9', '653094c6-303f-4716-82c8-7226e9f84e3b', 'ce0a54d5-c90a-4c88-bb59-3c4fd5109d16', 2, '{"type": "doc", "content": [{"type": "paragraph", "content": [{"type": "text", "text": "This article discusses burnout prevention in the workplace."}]}]}', '2025-04-08T08:53:21.033839');
INSERT INTO int_communication_rh_article_versions (id, article_translation_id, article_id, version_number, content, created_at) VALUES ('ffb3729b-fad3-40b4-928a-ee3440ca2049', '653094c6-303f-4716-82c8-7226e9f84e3b', 'ce0a54d5-c90a-4c88-bb59-3c4fd5109d16', 3, '{"type": "doc", "content": [{"type": "paragraph", "content": [{"type": "text", "text": "This article discusses burnout prevention in the workplace."}]}]}', '2025-04-09T08:53:21.033839');
INSERT INTO int_communication_rh_article_versions (id, article_translation_id, article_id, version_number, content, created_at) VALUES ('450f911a-f6f1-4ff3-aaee-75b1b8ba964f', '653094c6-303f-4716-82c8-7226e9f84e3b', 'ce0a54d5-c90a-4c88-bb59-3c4fd5109d16', 4, '{"type": "doc", "content": [{"type": "paragraph", "content": [{"type": "text", "text": "This article discusses burnout prevention in the workplace."}]}]}', '2025-04-10T08:53:21.033839');
INSERT INTO int_communication_rh_article_versions (id, article_translation_id, article_id, version_number, content, created_at) VALUES ('019b1889-edae-4e71-9516-e722dd0c597f', '653094c6-303f-4716-82c8-7226e9f84e3b', 'ce0a54d5-c90a-4c88-bb59-3c4fd5109d16', 5, '{"type": "doc", "content": [{"type": "paragraph", "content": [{"type": "text", "text": "This article discusses burnout prevention in the workplace."}]}]}', '2025-04-11T08:53:21.033839');
-- Article for financer 019740ef-8978-737b-a90b-520de7b9c0c7
INSERT INTO int_communication_rh_articles (id, financer_id, author_id, created_at, updated_at) VALUES ('20a8d3c2-78b2-4cff-a99f-39dd1aa1e006', '019740ef-8978-737b-a90b-520de7b9c0c7', 'e08a04cf-8df8-42f7-b52c-fed21239825a', '2025-03-25T08:53:21.033945', '2025-03-25T08:53:21.033945');
INSERT INTO int_communication_rh_article_translations (id, article_id, language, title, content, created_at, updated_at) VALUES ('3369ac0d-42f3-465b-83bd-d7d6f9000713', '20a8d3c2-78b2-4cff-a99f-39dd1aa1e006', 'ro-RO', 'Sănătatea mintală la locul de muncă', '{"type": "doc", "content": [{"type": "paragraph", "content": [{"type": "text", "text": "Acest articol discut\u0103 despre s\u0103n\u0103tatea mintal\u0103 la locul de munc\u0103."}]}]}', '2025-03-25T08:53:21.033945', '2025-03-25T08:53:21.033945');
INSERT INTO int_communication_rh_article_versions (id, article_translation_id, article_id, version_number, content, created_at) VALUES ('f0f5ade0-aef8-4b5c-baf0-c7597cea5564', '3369ac0d-42f3-465b-83bd-d7d6f9000713', '20a8d3c2-78b2-4cff-a99f-39dd1aa1e006', 1, '{"type": "doc", "content": [{"type": "paragraph", "content": [{"type": "text", "text": "This article discusses mental health at work in the workplace."}]}]}', '2025-03-26T08:53:21.033945');
INSERT INTO int_communication_rh_article_versions (id, article_translation_id, article_id, version_number, content, created_at) VALUES ('99912a5d-58e4-43f9-a644-22f39bf856a4', '3369ac0d-42f3-465b-83bd-d7d6f9000713', '20a8d3c2-78b2-4cff-a99f-39dd1aa1e006', 2, '{"type": "doc", "content": [{"type": "paragraph", "content": [{"type": "text", "text": "This article discusses mental health at work in the workplace."}]}]}', '2025-03-27T08:53:21.033945');
INSERT INTO int_communication_rh_article_versions (id, article_translation_id, article_id, version_number, content, created_at) VALUES ('0162e56a-8883-40a0-b1dd-ad31a3870d51', '3369ac0d-42f3-465b-83bd-d7d6f9000713', '20a8d3c2-78b2-4cff-a99f-39dd1aa1e006', 3, '{"type": "doc", "content": [{"type": "paragraph", "content": [{"type": "text", "text": "This article discusses mental health at work in the workplace."}]}]}', '2025-03-28T08:53:21.033945');
INSERT INTO int_communication_rh_article_versions (id, article_translation_id, article_id, version_number, content, created_at) VALUES ('9fed2081-581b-4472-8d3b-d90ae070c47b', '3369ac0d-42f3-465b-83bd-d7d6f9000713', '20a8d3c2-78b2-4cff-a99f-39dd1aa1e006', 4, '{"type": "doc", "content": [{"type": "paragraph", "content": [{"type": "text", "text": "This article discusses mental health at work in the workplace."}]}]}', '2025-03-29T08:53:21.033945');
INSERT INTO int_communication_rh_article_versions (id, article_translation_id, article_id, version_number, content, created_at) VALUES ('9ddd80aa-cdef-4475-bf81-7769ad73d2dd', '3369ac0d-42f3-465b-83bd-d7d6f9000713', '20a8d3c2-78b2-4cff-a99f-39dd1aa1e006', 5, '{"type": "doc", "content": [{"type": "paragraph", "content": [{"type": "text", "text": "This article discusses mental health at work in the workplace."}]}]}', '2025-03-30T08:53:21.033945');
-- Article for financer 019740ef-8978-737b-a90b-520de7b9c0c7
INSERT INTO int_communication_rh_articles (id, financer_id, author_id, created_at, updated_at) VALUES ('2cba0fbf-1c31-4195-9869-6bc6a9c6dec6', '019740ef-8978-737b-a90b-520de7b9c0c7', 'e2b0dcae-b81e-4474-bc9c-d00fd5d783f5', '2025-01-13T08:53:21.034036', '2025-01-13T08:53:21.034036');
INSERT INTO int_communication_rh_article_translations (id, article_id, language, title, content, created_at, updated_at) VALUES ('59df3ec9-25da-4e54-af39-dd4d581383c4', '2cba0fbf-1c31-4195-9869-6bc6a9c6dec6', 'ro-RO', 'Prevenirea burnout-ului', '{"type": "doc", "content": [{"type": "paragraph", "content": [{"type": "text", "text": "Acest articol discut\u0103 despre prevenirea burnout-ului."}]}]}', '2025-01-13T08:53:21.034036', '2025-01-13T08:53:21.034036');
INSERT INTO int_communication_rh_article_versions (id, article_translation_id, article_id, version_number, content, created_at) VALUES ('b078d2d5-d673-4a81-a1f6-6de022721727', '59df3ec9-25da-4e54-af39-dd4d581383c4', '2cba0fbf-1c31-4195-9869-6bc6a9c6dec6', 1, '{"type": "doc", "content": [{"type": "paragraph", "content": [{"type": "text", "text": "This article discusses burnout prevention in the workplace."}]}]}', '2025-01-14T08:53:21.034036');
INSERT INTO int_communication_rh_article_versions (id, article_translation_id, article_id, version_number, content, created_at) VALUES ('453c1b0c-7883-4f76-b44f-373fc22274b5', '59df3ec9-25da-4e54-af39-dd4d581383c4', '2cba0fbf-1c31-4195-9869-6bc6a9c6dec6', 2, '{"type": "doc", "content": [{"type": "paragraph", "content": [{"type": "text", "text": "This article discusses burnout prevention in the workplace."}]}]}', '2025-01-15T08:53:21.034036');
INSERT INTO int_communication_rh_article_versions (id, article_translation_id, article_id, version_number, content, created_at) VALUES ('a2d541d4-03ed-41aa-8659-3ac4a326e553', '59df3ec9-25da-4e54-af39-dd4d581383c4', '2cba0fbf-1c31-4195-9869-6bc6a9c6dec6', 3, '{"type": "doc", "content": [{"type": "paragraph", "content": [{"type": "text", "text": "This article discusses burnout prevention in the workplace."}]}]}', '2025-01-16T08:53:21.034036');
INSERT INTO int_communication_rh_article_versions (id, article_translation_id, article_id, version_number, content, created_at) VALUES ('fad09ea3-5e78-475a-8a70-50665bd4b2bb', '59df3ec9-25da-4e54-af39-dd4d581383c4', '2cba0fbf-1c31-4195-9869-6bc6a9c6dec6', 4, '{"type": "doc", "content": [{"type": "paragraph", "content": [{"type": "text", "text": "This article discusses burnout prevention in the workplace."}]}]}', '2025-01-17T08:53:21.034036');
-- Article for financer 019740ef-8978-737b-a90b-520de7b9c0c7
INSERT INTO int_communication_rh_articles (id, financer_id, author_id, created_at, updated_at) VALUES ('c5bf10ab-690e-42a9-8527-78933e6eb2da', '019740ef-8978-737b-a90b-520de7b9c0c7', '3f96c48c-fb50-4df6-a9fb-9436be859fbd', '2025-04-25T08:53:21.034136', '2025-04-25T08:53:21.034136');
INSERT INTO int_communication_rh_article_translations (id, article_id, language, title, content, created_at, updated_at) VALUES ('b1e188f2-2801-4ff5-83b0-5fcf72eb109e', 'c5bf10ab-690e-42a9-8527-78933e6eb2da', 'ro-RO', 'Sănătatea mintală la locul de muncă', '{"type": "doc", "content": [{"type": "paragraph", "content": [{"type": "text", "text": "Acest articol discut\u0103 despre s\u0103n\u0103tatea mintal\u0103 la locul de munc\u0103."}]}]}', '2025-04-25T08:53:21.034136', '2025-04-25T08:53:21.034136');
INSERT INTO int_communication_rh_article_versions (id, article_translation_id, article_id, version_number, content, created_at) VALUES ('20a568c3-78ad-4594-88ae-690d7c8988eb', 'b1e188f2-2801-4ff5-83b0-5fcf72eb109e', 'c5bf10ab-690e-42a9-8527-78933e6eb2da', 1, '{"type": "doc", "content": [{"type": "paragraph", "content": [{"type": "text", "text": "This article discusses mental health at work in the workplace."}]}]}', '2025-04-26T08:53:21.034136');
INSERT INTO int_communication_rh_article_versions (id, article_translation_id, article_id, version_number, content, created_at) VALUES ('fe2a5fec-6de7-4549-a0d9-3a1ba1f3270c', 'b1e188f2-2801-4ff5-83b0-5fcf72eb109e', 'c5bf10ab-690e-42a9-8527-78933e6eb2da', 2, '{"type": "doc", "content": [{"type": "paragraph", "content": [{"type": "text", "text": "This article discusses mental health at work in the workplace."}]}]}', '2025-04-27T08:53:21.034136');
INSERT INTO int_communication_rh_article_versions (id, article_translation_id, article_id, version_number, content, created_at) VALUES ('e97f2a46-6518-4999-b803-4bdc6faa681d', 'b1e188f2-2801-4ff5-83b0-5fcf72eb109e', 'c5bf10ab-690e-42a9-8527-78933e6eb2da', 3, '{"type": "doc", "content": [{"type": "paragraph", "content": [{"type": "text", "text": "This article discusses mental health at work in the workplace."}]}]}', '2025-04-28T08:53:21.034136');
SET session_replication_role = 'origin';
